ID_CANDIDATO;CENTRO_ESTUDIOS;ESPECIALIDAD;CONCLUIDO;EGRESADO
160729;UNIVERSIDAD PERUANA UNIÓN;GESTIÓN EDUCATIVA;SI;SI
160730;UNIVERSIDAD CESAR VALLEJO;MAGISTER EN PSICOLOGÍA EDUCATIVA;SI;SI
161340;UNIVERSIDAD INTERNACIONAL IBEROAMERICANA - FUNIBER;MAESTRIA EN GESTION INTEGRADA - MEDIO AMBIENTE CALIDAD Y PREVENCION;;NO
161341;UNIVERSIDAD CESAR VALLEJO - FILIAL LIMA;MAESTRÍA EN GESTIÓN PUBLICA;;NO
159787;UNIVERSIDAD NACIONAL PERO RUIZ GALLO;GERENCIA SOCIAL;SI;SI
158883;UNIVERSIDAD PARTICULAR SAN MARTIN DE PORRES;CIRUGIA GENERAL Y ONCOLOGIA;SI;SI
158885;UNIVERSIDAD SAN MARTIN DE PORRES;MAESTRIA EN DERECHO CIVIL Y COMERCIAL;SI;SI
160794;UNIVERSIDAD CESAR VALLEJO;MAESTRÍA EN GESTIÓN PUBLICA;;NO
161642;UNIVERSIDAD NACIONAL DE TRUJILLO;ORTOPEDIA Y TRAUMATOLOGIA;SI;SI
161644;UNIVERSIDAD CESAR VALLEJO - FILIAL CHICLAYO;GESTION PUBLICA;;NO
157964;UNIVERSIDAD NACIONAL FEDERICO VILLARREAL;GINECOLOGIA Y OBSTETRICIA;SI;SI
160165;UNIVERSIDAD DE SIPAN;MAESTRIA EN DERECHO NOTARIAL Y REGISTRAL;SI;SI
160166;UNIVERSIDAD PARTICULAR DE CHICLAYO;DERECHO PENAL Y PROCESAL PENAL;;NO
159406;UNIVERSIDAD PRIVADA CESAR VALLEJO;DOCTOR EN GESTIÓN PUBLICA Y GOBERNABILIDAD;SI;SI
159407;UNIVERSIDAD CATÓLICA DE TRUJILLO;AUDITORIA Y GESTIÓN PUBLICA;;NO
159190;UNIVERSIDAD NACIONAL TORIBIO RODRIGUEZ DE MENDOZA;GESTIÓN PUBLICA;SI;SI
159191;UNIVERSIDAD NACIONAL TORIBIO RODRÍGUEZ DE MENDOZA DE AMAZONAS;MAESTRÍA EN GESTIÓN PUBLICA;;NO
161236;UNIVERSIDAD NACIONAL PEDRO RUIZ GALLO;MAESTRO EN CIENCIA DE LA EDUCACION;SI;SI
158066;UNIVERSIDAD NACIONAL MAYOR DE SAN MARCOS;OFTALMOLOGIA;SI;SI
160782;UNIVERSIDAD FEDERICO VILLAREAL;GESTIÓN DE INVERSIÓN PÚBLICA;SI;SI
160783;UNIVERSIDAD NACIONAL FEDERICO VILLARREAL;CIENCIA POLÍTICA;SI;SI
158432;TROY STATE UNIVERSITY;GRADO DE MAESTRO EN CIENCIAS EN ADMINISTRACIÓN DE PERSONAL;SI;SI
158434;UNIVERSIDAD INCA GARCILASO DE LA VEGA;MAESTRIA EN INVESTIGACION Y DOCENCIA UNIVERSITARIA;;NO
157899;UNIVERSIDAD NACIONAL SANTIAGO ANTÚNEZ DE MAYOLO;POLÍTICAS SOCIALES;SI;SI
157901;UNIVERSIDAD CÉSAR VALLEJO;MAESTRIA EN GESTIÓN PÚBLICA;;NO
161625;UNIVERSIDAD NACIONAL MAYOR DE SAN MARCOS;DERECHO PENAL;SI;SI
159455;UNIVERSIDAD NACIONAL PEDRO RUIZ GALLO;GERENCIA EDUCATIVA ESTRATÉGICA;SI;SI
159457;UNIVERSIDAD CESAR VALLEJO;MATERIA EN GESTIÓN PUBLICA;;NO
160201;UNIVERSIDAD SANTIAGO ANTUNEZ DE MAYOLO;GESTION PUBLICA;;NO
160203;UNT;GRADO DE DOCTOR EN CIENCIAS AMBIENTALES;SI;SI
160455;PONTIFICA UNIVERSIDAD CATÓLICA DEL PERU;DERECHO DE LA EMPRESA;;NO
160456;ESCUELA DE POSTGRADO NEWMANN;DERECHO DE LA EMPRESA;;NO
159524;UNIVERSIDAD PERUANA CAYETANO HEREDIA;GESTIÓN PUBLICA CON MENCIÓN EN SERVICIOS DE SALUD;SI;SI
160663;CENTRO DE ALTOS ESTUDIOS MILITARES;DESARROLLO Y DEFENSA NACIONAL;SI;SI
159206;UNIVERSIDAD NACIONAL SANTIAGO ANTUNEZ DE MAYOLO;CIENCIAS ECONÓMICAS CON MENCIÓN EN AUDITORIA Y CONTROL DE GESTIÓN;SI;SI
159386;UNIVERSIDAD NACIONAL TRUJILLO;GESTIÓN PÚBLICA;;NO
159388;UNIVERSIDAD ENRIQUE GUZMAN Y VALLE - LA CANTUTA;DOCTORADO EN EDUCACION;SI;
159199;UNIVERSIDAD NACIONAL SANTIAGO ANTUNEZ DE MAYOLO;AUDITORIA Y CONTROL DE GESTIÓN;;NO
160010;UNIVERSIDAD NACIONAL DE EDUCACIÓN ENRIQUE GUZMÁN Y VALLE LA CANTUTA;EVALUACIÓN Y ACREDITACIÓN DE LA CALIDAD EDUCATIVA;;NO
158051;UNIVERSIDAD NACIONAL SANTIAGO ANTUNEZ DE MAYOLO;INGENIERIA ESTRUCTURAL;SI;SI
158053;UNIVERSIDAD DE LOS LAGOS DE CHILE;MAGISTER EN ADMINISTRACIÓN DE EMPRESAS;SI;SI
158232;UNIVERSIDAD NACIONAL FEDERICO VILLARREAL;DERECHO CIVIL Y COMERCIAL;SI;SI
158234;UNIVERSIDAD NACIONAL DEL SANTA;DERECHO CONSTITUCIONAL;SI;
159165;UNIVERSIDAD PRIVADA CESAR VALLEJO;GESTION PUBLICA;SI;SI
159166;UNIVERSIDAD PRIVADA CESAR VALLEJO;GESTION PUBLICA;SI;SI
159167;UNIVERSIDAD NACIONAL MAYOR DE SAN MARCOS;DERECHO Y CIENCIA POLITICA;SI;SI
159168;UNIVERSIDAD CESAR VALLEJO;GESTION PUBLICA;;NO
161027;UNIVERSIDAD CATÓLICA LOS ÁNGELES DE CHIMBOTE;DOCENCIA, CURRÍCULO E INVESTIGACIÓN;SI;SI
158863;UNIVERSIDAD INCA GARCILASO DE LA VEGA;DERECHO PENAL;SI;SI
157848;UNIVERSIDAD CESAR VALLEJO;GESTIÓN DE LOS SERVICIOS DE LA SALUD;;NO
157849;UNIVERSIDAD NACIONAL SAN ANTONIO ABAB DEL CUSCO;DESARROLLO RURAL PLANIOFIACION Y GESTION ADMINISTRATIVA;SI;SI
160692;UNIVERSIDAD CESAR VALLEJO;ADMINISTRACION DE LA EDUCACION;SI;SI
160293;UNIVERSIDAD SAN ANTONIO ABAD DEL CUSCO;DERECHO PENAL Y PROCESAL;SI;SI
158899;UNIVERSIDAD CESAR VALLEJO;GESTION PUBLICA;;NO
160459;UNIVERSIDAD NACIONAL FEDERICO VILLAREAL;DERECHO PENAL;SI;SI
161330;UNIVERSIDAD MAYOR DE SAN MARCOS;GESTIÓN ADMINISTRATIVA;SI;
161291;UNIVERSIDAD NACIONAL SAN ANTONIO ABAD DEL CUSCO;DERECHO CIVIL Y PROCESAL CIVIL;;NO
161367;CESAR VALLEJO;EDUCACIÓN;SI;SI
159350;UNIVERSIDAD NACIONAL DANIEL ALCIDES CARRION;MAESTRO EN DOCENCIA EN EL NIVEL SUPERIOR;SI;SI
159351;UNIVERSIDAD NACIONAL MAYOR DE SAN MARCOS;AUDITORIA EN CONTROL Y GESTION GUBERNAMENTAL;SI;SI
160170;UNIVERSIDAD CATOLICA SAN PABLO;PLANEAMIENTO TERRITORIAL Y ADMINISTRACION PUBLICA;;NO
160173;UNIVERSIDAD CATOLICA DE SANTA MARIA;DERECHO LABORAL Y SEGURIDAD SOCIAL;;NO
157851;UNIVERSIDAD CATOLICA DE SANTA MARIA;MAESTRÍA EN DERECHO CONSTITUCIONAL;SI;SI
157853;UNIVERSIDAD DE NOTTINGHAM;NUTRICION ANIMAL;SI;SI
157855;UNIVERSIDAD CESAR VALLEJO;GESTIÓN PÚBLICA;SI;SI
158153;UNIVERSIDAD CONTINENTAL;MAESTRÍA EN GERENCIA PÚBLICA;;NO
158156;UNIVERSIDAD NACIONAL FEDERICO VILLARREAL;MAESTRIA EN GESTION Y ADMINISTRACION DE LA EDUCACION;SI;SI
159520;UNIVERSIDAD NACIONAL DE SAN AGUSTIN;GESTIÓN AMBIENTAL;SI;
158871;UNIVERSIDAD CATOLICA DE SANTA MARIA;GESTION EN LA FUNCION DOCENTE;SI;
158873;UNIVERSIDAD NACIONAL DE SAN AGUSTIN;MAESTRIA EN PS.JURIDICA FORENSE;;NO
158875;UNIVERSIDAD CATÓLICA SANTA MARÍA;DERECHO CIVIL;;NO
160463;UNIVERSITE DE LAUSANNE - SUIZA;ADMINISTRACION PUBLICA;SI;SI
160466;AUTONOMA DE MADRID;CALIDAD Y MEJORA DE LA EDUCACION;SI;SI
160467;UNIVERSIDAD NACIONAL SAN AGUSTIN;SEGURIDAD Y MEDIO AMBIENTE;SI;SI
160090;UNIVERSIDAD CATÓLICA DEL PERÚ PUCP;MAESTRÍA EN CIENCIA POLÍTICA Y GOBIERNO;;NO
160091;UNIVERSIDAD CATÓLICA SANTA MARÍA;DERECHO CONSTITUCIONAL;SI;SI
160092;UNIVERSIDAD NACIONAL DE SAN AGUSTIN;GERENCIA DE ESTADO Y ADMINISTRACIÓN PUBLICA;SI;
158105;UNIVERSIDAD NACIONAL DE SAN AGUSTÍN;CIENCIAS ECONÓMICAS CON MENCIÓN EN PROYECTOS;SI;SI
161008;UNIVERSIDAD POLITECNICA DE CATALUNYA;MASTER EN DIRECCION Y GESTION FINANCIERA;SI;SI
161009;UNIVERSIDAD NACIONAL DE SAN AGUSTÍN;GERENCIA DE ESTADO Y ADMINISTRACIÓN PÚBLICA;SI;
160911;UNIVERSIDAD CATÓLICA SANTA MARÍA;GESTIÓN PUBLICA;;NO
160916;UNIVERSIDAD NACIONAL DE SAN AGUSTIN;SEGURIDAD Y MEDIO AMBIENTE;SI;SI
159225;UNIVERSIDAD ABAD OLIVA;INVESTIGACION JURIDICA;SI;
159229;UNIVERSIDAD PARTICULAR ALAS PERUANAS;DERECHO DE LA INTEGRACION;SI;SI
160732;UNIVERSIDAD NACIONAL DE SAN AGUSTIN;MAESTRIA EN DERECHO CONSTITUCIONAL;SI;SI
158514;UNIVERSIDAD ALAS PERUANAS;MAESTRIA EN ADMINISTRACIÓN Y DIRECCIÓN DE EMPRESAS;SI;SI
158515;UNIVERSIDAD INCA GARCILAZO DE LA VEGA;ADMINISTRACIÓN DE EMPRESAS;SI;SI
158517;UNIVERSIDAD NACIONAL FEDERICO VILLAREAL;SEGUNDA ESPECIALIDAD CIRUJANO GENERAL;SI;SI
158519;UNIVERSIDAD NACIONAL DE SAN AGUSTIN;MAESTRIA EN CIENCIAS CON MENCION EN COMUNICACIÓN;SI;SI
158094;UNIVERSIDAD CATÓLICA DE SANTA MARÍA;MAGISTER EN INGENIERÍA DE SISTEMAS;SI;SI
158096;UNIVERSIDAD NACIONAL DE SAN AGUSTÍN;DERECHO PROCESAL;;NO
158098;UNIVERSIDAD NACIONAL DE SAN AGUSTÍN;SALUD PUBLICA;SI;SI
158992;UNIVERSIDAD CESAR VALLEJO;ADMINISTRACIÓN DE LA EDUCACIÓN;SI;SI
158993;UNIVERSIDAD CESAR VALLEJO;GESTIÓN PÚBLICA;;NO
157859;UNIVERSIDAD CÉSAR VALLEJO;DOCENCIA Y GESTIÓN EDUCATIVA;SI;SI
159421;UNIVERSIDAD NACIONAL DE SAN CRISTOBAL DE HUAMANGA;ANTROPOLOGÍA SOCIAL;SI;SI
159422;UNIVERSIDAD NACIONAL MAYOR DE SAN MARCOS;DOCTORADO EN CIENCIAS DE LA SALUD;SI;SI
161468;UNIVERSIDAD NACIONAL MAYOR DE SAN MARCOS;MAESTRIA EN GESTION GUBERNAMENTAL;SI;SI
158456;UNIVERSIDAD NACIONAL SAN LUIS GONZAGA  DE ICA;DERECHO CIVIL Y COMERCIAL;;NO
160901;UNIVERSIDAD NACIONAL SAN CRISTOBAL DE HUAMANGA;GESTIÓN PÚBLICA;;NO
158628;PONTIFICIA UNIVERSIDAD CATOLICA DEL PERU;ARQUEOLOGIA;SI;SI
161158;UNIVERSIDAD CESAR VALLEJO;MAESTRIA EN GESTION PUBLICA;SI;SI
160099;UNIVERSIDAD CESAR VALLEJO;ADMINISTRACION DE LA EDUCACION;SI;SI
160100;UNIVERSIDAD NACIONAL DE SAN CRISTOBAL DE HUAMANGA;GESTIÓN PÚBLICA;SI;SI
158881;UNIVERSIDAD DE NAVARRA;INTERVENCION EDUCATIVA Y PSICOLOGICA;SI;SI
160220;UNIVERSIDAD NACIONAL SAN LUIS GONZAGA DE ICA;SALUD PUBLICA;;NO
160221;UNIVERSIDAD NACIONAL SAN CRISTOBAL DE HUAMANGA;GESTION EMPRESARIAL;SI;SI
160633;UNIVERSIDAD NACIONAL DE SAN CRISTOBAL DE HUAMANGA;GERENCIA DE PROYECTOS Y MEDIO AMBIENTE;SI;SI
160634;UNIVERSIDAD NACIONAL DE SAN CRISTOBAL DE HUAMANGA;GERENCIA SOCIAL;SI;SI
160401;UNIVERSIDAD NACIONAL DE SAN CRISTOBAL DE HUAMANGA;GERENCIA SOCIAL;SI;SI
160402;UNIVERSIDAD NACIONAL DE SAN CRISTOBAL DE HUAMANGA;AUDITORIA INTEGRAL;;NO
159563;UNIVERSIDAD NACIONAL MAYOR DE SAN MARCOS;MAESTRIA EN DERECHO CIVIL Y COMERCIAL;SI;
159564;UNIVERSIDAD NACIONAL DE SAN CRISTÓBAL DE HUAMANGA;DERECHO, MENCION DERECHO CIVIL Y COMERCIAL;SI;SI
161168;UNIVERSIDAD CESAR VALLEJO;GESTION PUBLICA;;NO
158218;UNIVERSIDAD NACIONAL DE SAN CRISTOBAL DE HUAMANGA;GESTIÓN PÚBLICA;;NO
158219;UNIVERSIDAD COMPLUTENSE DE MADRID;MASTER UNIVERSITARIO EN GOBIERNO Y ADMINISTRACION PUBLICA;SI;SI
159631;UNIVERSIDAD NACIONAL SAN CRISTOBAL DE HUAMANGA;GESTION PUBLICA;SI;
160677;UNIVERSIDAD DEL PACIFICO;GESTION DE AGRONEGOCIOS Y ALIMENTOS;;NO
160678;UNIVERSIDAD SAN MARTIN DE PORRES;GESTIÓN PÚBLICA;SI;SI
160680;UNIVERSIDAD PRIVADA ANTONIO GUILLERMO URRELO;MAESTRÍA EN PROJECT MANAGEMENT;SI;SI
160681;UNIVERSIDAD PARTICULAR DE CHICLAYO;AUDITORIA TRIBUTARIA Y GESTION FISCAL;;NO
160682;UNIVERSIDAD NACIONAL DE TRUJILLO;DERECHO;SI;SI
157862;ESCUELA DE POST GRADO DE LA UNIVERSIDAD NACIONAL DE CAJAMARCA;MAESTRIA EN CIENCIAS;SI;
157864;UNIVERSIDAD PERUANA "CAYETANO HEREDIA";INVESTIGACION Y DOCENCIA EN EDUCACION;SI;SI
157865;ESCUELA DE POSTGRADO DE LA UNIVERSIDAD NACIONAL DE CAJAMARCA;MAESTRIA CON MENCION EN DERECHO CONSTITUCIONAL Y DERECHOS HUMANOS;SI;
159380;UNIVERSIDAD NACIONAL DE CAJAMARCA;PLANIFICACIÓN Y ADMINISTRACIÓN DE LA EDUCACIÓN;SI;SI
159381;CESAR VALLEJO;MAGISTER EN GESTIÓN POLITICA;SI;SI
159384;UNIVERSIDAD NACIONAL DEL CENTRO;SEGURIDAD Y MEDIO AMBIENTE EN MINERÍA;SI;SI
158249;PONTIFICIA UNIVERSIDAD CATÓLICA DEL PERÚ;GERENCIA SOCIAL;SI;SI
158250;PONTIFICIA UNIVERSIDAD CATOLICA DEL PERU;MAESTRIA EN GERENCIA SOCIAL;SI;SI
158457;UNIVERSIDAD CATÓLICA DE TRUJILLO;GESTION Y ACREDITACION EDUCATIVA;SI;SI
160468;UNIVERSIDAD NACIONAL FEDERICO VILLARREAL - LIMA PERU;ANESTESIOLOGIA;SI;SI
159601;UNIVERSIDAD PRIVADA SAN PEDRO DE CHINBOTE;ADMINISTRACIÓN EDUCATIVA;SI;SI
159602;UNIVERSIDAD NACIONAL DE CAJAMARCA;GESTIÓN DE LA EDUCACIÓN;SI;SI
159603;UNIVERSIDAD ALAS PERUANAS;DOCTOR EN EDUCACION;SI;SI
161334;PONTEFICIA UNIVERSIDAD LA CATÓLICA DEL PERÚ;GERENCIA SOCIAL;;NO
161336;UNIVERSIDAD PRIVADA CESAR VALLEJO;GESTION PUBLICA;SI;SI
161338;UNIVERSIDAD NACIONAL DE TRUJILLO;MAESTRÍA EN SALUD PÚBLICA;SI;SI
160973;PONTIFICIA UNIVERSIDAD CATOLICA DEL PERU;MAESTRIA EN GERENCIA SOCIAL;;NO
160974;UNIVERSIDAD CESAR VALLEJO;PSICOLOGIA EDUCATIVA;SI;SI
160975;DERECHO LABORAL Y PROCESAL LABORAL;LABORAL;;NO
158808;UNIVERSIDAD PRIVADA CESAR VALLEJO;GESTIÓN ÚBLICA;SI;SI
158809;UNIVERSIDAD DE ALCALÁ - CEUPE;MASTER EN MARKETING DIGITAL, EL INTERNET 0.3;SI;SI
160715;UNIVERSIDAD NACIONAL PEDRO RUIZ GALLO;INVESTIGACION Y DOCENCIA;SI;
159289;UNIVERSIDAD CÉSAR VALLEJO;DOCENCIA Y GESTIÓN EDUCATIVA;SI;SI
159290;UNIVERSIDAD CÉSAR VALLEJO;ADMINISTRACIÓN DE LA EDUCACIÓN;SI;SI
159291;UNIVERSIDAD PARTICULAR DE CHICLAYO;MAESTRÍA EN GESTIÓN PÚBLICA Y DESARROLLO LOCAL;SI;
159292;UNIVERSIDAD SAN PEDRO;GESTIÓN EDUCATIVA Y DOCENCIA UNIVERSITARIA;;NO
159294;UNIVERSIDAD SAN MARTÍN DE PORRES;MAESTRÍA EN DIRECCIÓN Y ADMINISTRACIÓN DE EMPRESAS;SI;
159535;UNIVERSIDAD CESAR VALLEJO;GESTIÓN PÚBLICA;SI;
159539;EXPEDIDA EN SANTANDER (ESPAÑA) UNIVERSIDAD EUROPEA DEL ATLÁNTICO;DIRECCIÓN ESTRATÉGICA ESPECIALIZADO EN ORGANIZACIONES DE SALUD;SI;SI
159746;UNIVERSIDAD NACIONAL PEDRO RUIZ GALLO;MAESTRIA EN DERECHO DEL TRABAJO Y SEGURIDAD SOCIAL;;NO
160142;PONTIFICIA UNIVERSIDAD CATOLICA DEL PERU;GERENCIA SOCIAL;;NO
160144;UNIVERSIDAD PRIVADA CESAR VALLEJO;GESTIÓN PUBLICA;SI;
160147;UNIVERSIDAD NACIONAL DE CAJAMARCA;DERECHO PENAL  Y CRIMINOLOGIA;SI;SI
159581;UNIVERSIDAD NACIONAL DE CAJAMARCA;DERECHO CONSTITUCIONAL Y DD.HH;;NO
159585;PONTIFICA UNIVERSIDAD CATOLICA DEL PERU;POLÍTICAS PUBLICAS Y GESTIÓN PUBLICA;;NO
159495;UNIVERSIDAD NACIONAL DE CAJAMARCA;GESTION AMBIENTAL;;NO
159496;UNIVERSIDAD NACIONAL PEDRO RUÍZ GALLO;DERECHO PENAL Y PROCESAL PENAL;;NO
160189;UNIVERSIDAD NACIONAL PEDRO RUIZ GALLO;MAESTRIA EN CIENCIAS DE LA EDUCACION MENCION EN INVESTIGACION Y DOCENCIA;SI;SI
160190;UNIVERSIDAD CESAR VALLEJO;MAESTRIA Y DOCENCIA EN GESTION EDUCATIVA;SI;SI
161083;UNIVERSIDAD NACIONAL AGRARIA LA MOLINA;RECURSOS HIDRICOS;;NO
161084;UNIVERSIDAD CATOLICA DE SANTA MARIA DE AREQUIPA;MAESTRO EN DERECHO CONSTITUCIONAL;SI;SI
161086;UNIVERSIDAD SAN MARTIN DE PORRES;MAESTRIA EN GESTION PUBLICA;SI;SI
161086;UNIVERSIDAD SAN MARTIN DE PORRES;MAESTRIA EN GESTION PUBLICA;SI;SI
161087;UNIVERSIDAD DE LOS ESTUDIOS DE ROMA "LA SAPIENZA";TEORÍA DEL ESTADO E INSTITUCIONES POLÍTICAS COMPARADAS;SI;SI
157870;UNIVERSIDAD NACIONAL SAN ANTONIO DE ABAD DEL CUSCO;DOCTOR EN DERECHO;SI;SI
157872;UNIVERSIDAD SAN ANTONIO DE ABAD DE  CUSCO;MAESTRÍA EN POLÍTICAS Y GESTIÓN;SI;SI
157873;UNIVERSIDAD CATÓLICA SEDES SAPIENTIAE;ADMINISTRACIÓN PÚBLICA;SI;SI
158953;UNIVERSIDAD NACIONAL DE SAN ANTONIO ABAD DEL CUSCO;GESTION PUBLICA Y DESARROLLO REGIONAL;SI;
157968;UNIVERSIDAD NESTOR CACERES VELASQUEZ;DERECHO PENAL Y PROCESAL PENAL;SI;SI
157969;UNIVERSIDAD ANDINA DEL CUSCO;DOCENCIA UNIVERSITARIA;SI;SI
160479;UNIVERSIDAD ALAS PERUANAS;DOCENCIA UNIVERSITARIA;SI;SI
158532;UNIVERSIDAD NACIONAL SAN ANTONIO ABAD DEL CUSCO;MAESTRÍA EN SALUD PUBLICA MENCIÓN SALUD AMBIENTAL;SI;SI
158533;UNIVERSIDAD SAN AGUSTIN DE AREQUIPA;CIENCIAS;SI;SI
161817;UNIVERSIDAD NACIONAL SAN ANTONIO ABAD DEL CUSCO;ADMINISTRACION;SI;SI
161818;UNIVERSIDAD CESAR VALLEJO;DERECHO PENAL Y PROCESAL PENAL;SI;SI
161819;UNIVERSIDAD ANDINA DEL CUSCO;MAESTRÍA EN DERECHO CONSTITUCIONAL;;NO
159778;UNIVERSIDAD NACIONAL PEDRO RUIZ GALLO;CIENCIAS DE LA EDUCACIÓN.;SI;SI
159779;UNIVERSIDAD NACIONAL DE SAN ANTONIO ABAD DEL CUSCO;ECONOMIA CON MENCION EN PROYECTOS DE INVERSION;;NO
159780;UNIVERSIDAD NACIONAL DE SAN ANTONIO ABAD DEL CUSCO;GESTIÓN PUBLICA Y DESARROLLO EMPRESARIAL;;NO
159781;UNIVERSIDAD NACIONAL SAN ANTONIO ABAD DEL CUSCO;SALUD PUBLICA - MENCION EN GERENCIA EN SERVICIOS DE SALUD;SI;SI
159782;UNIVERSIDAD NACIONAL DE SAN AGUSTIN DE AREQUIPA;CIENCIA: SALUD PUBLICA;SI;SI
159469;PONTIFICIA UNIVERSIDAD CATÓLICA DEL PERÚ;DOCTOR EN INGENIERÍA;;NO
159470;UNIVERSIDAD NACIONAL DE SAN ANTONIO ABAD DEL CUSCO;MAESTRÍA EN DERECHO CONSTITUCIONAL Y PROCESAL CONSTITUCIONAL;;NO
159471;UNIVERSIDAD RUSA DE LA AMISTAD DE LOS PUEBLOS;FÍSICA;SI;SI
160306;UNIVERSIDAD NACIONAL DE SAN ANTONIO ABAD DEL CUSCO;ECONOMÍA: GESTIÓN PUBLICA Y DESARROLLO REGIONAL;;NO
160307;UNIVERSIDAD NACIONAL DE SAN ANTONIO ABAD DEL CUSCO;ECONOMÍA: GESTIÓN PÚBLICA Y DESARROLLO REGIONAL;;NO
161494;UNIVERSIDAD NACIONAL SAN ANTONIO ABAD DEL CUSCO;ADMINISTRACION.;SI;SI
161496;UNIVERSIDAD NACIONAL SAN ANTONIO ABAD DEL CUSCO;DOCENCIA UNIVERSITARIA;;NO
159978;UNIVERSIDAD ESAN;MAESTRIA EN ADMINISTRACION DE EMPRESAS MENCION EN MARKETING;SI;SI
159980;CESAR VALLEJO;PSICOLOGÍA EDUCATIVA;SI;SI
161448;PONTIFICIA UNIVERSIDAD CATÓLICA DEL PERÚ;ADMINISTRACIÓN ESTRATÉGICA DE EMPRESAS;SI;SI
161450;UNIVERSIDAD NACIONAL SAN ANTONIO ABAD DEL CUSCO;DERECHO PENAL;SI;SI
159544;UNIVERSIDAD NACIONAL DE INGENIERIA -UNIVERSIDAD NAC. FEDERICO VILLARREAL;ASENTAMIENTOS HUMANOS -MEDIO AMBIENTE Y DESARROLLO SOTE;SI;SI
160223;PONTIFICIA UNIVERSIDAD CATOLICA DEL PERU;MAESTRIA MENCION ADMINISTRACION;SI;SI
160224;UNIVERSIDAD NACIONAL SAN ANTONIO ABAD DEL CUSCO;DOCTORADO EN DERECHO;SI;SI
161176;UNIVERSIDAD NACIONAL DE SAN ANTONIO ABAD DEL CUSCO;DOCTOR EN ADMINISTRACIÓN;SI;SI
161177;UNIVERSIDAD GARCILAZO DE LA VEGA;DERECHO PENAL;SI;SI
161178;UNIVERSIDAD CESAR VALLEJO;MAESTRÍA EN GESTIÓN PÚBLICA;SI;SI
161180;UNIVERSIDAD NACIONAL SAN ANTONIO DE ABAD DEL CUZCO;DERECHO CIVIL Y PROCESAL COVIL;;NO
161247;UNIVERSIDAD CESAR VALLEGO;GESTION PUBLICA;SI;SI
161289;UNIVERSIDAD NACIONAL MAYOR DE SAN MARCOS;SEGURIDAD, SALUD OCUPACIONAL Y MEDIO AMBIENTE;SI;SI
161290;UNIVERSIDAD NACIONAL MAYOR DE SAN MARCOS;CIENCIAS PENALES;SI;SI
158221;UNIVERSIDAD CESAR VALLEJO;GESTIÓN PUBLICA;SI;SI
159334;UNIVERSIDAD NACIONAL DE HUANCAVELICA;PLANEACION ESTRATEGICA Y GESTION EN INGENIERIA DE PROYECTOS;SI;SI
159988;UNIVERSIDAD NACIONAL DE HUANCAVELICA;ADMINISTRACIÓN Y PLANIFICACIÓN DE LA EDUCACIÓN;SI;SI
159989;UNIVERSIDAD PERUANA LOS ANDES;GERENCIA EDUCATIVA;SI;SI
160186;UNIVERSIDAD NACIONAL DEL CENTRO DEL PERU;DOCTORADO EN ADMINISTRACION;;NO
159870;UNIVERSIDAD NACIONAL DE HUANCAVELICA;GESTIÓN PUBLICA;;NO
159872;UNIVERSIDAD NACIONAL DEL CENTRO DEL PERU;GESTIÓN EDUCATIVA;SI;
159336;UNIVERSIDAD CESAR VALLEJO;GESTIÓN PUBLICA Y GOBERNABILIDAD;SI;SI
159337;UNIVERSIDAD NACIONAL SAN LUIS GONZAGA DE ICA;MAESTRÍA EN DERECHO CIVIL Y COMERCIAL;SI;
161652;UNIVERSIDAD NACIONAL AGRARIA DE LA SELVA "TINGO MARIA";BIODIVERSIDAD Y AGRICULTURA CAMPESINA ANDINO AMAZONICA;SI;SI
159926;UNIVERSIDAD NACIONAL FEDERICO VILLAREAL;INGENIERIA AMBIENTAL;;NO
161138;UNIVERSIDAD NACIONAL DE HUANCAVELICA;ECOLOGÍA Y GESTIÓN AMBIENTAL;SI;SI
158268;UNIVERSIDAD NACIONAL DEL CENTRO;ADMINISTRACION PUBLICA Y GOBIERNO;SI;
161583;UNIVERSIDAD NACIONAL HERMILIO VALDIZAN;MAESTRIA EN ADMINISTRACION Y GERENCIA EN SALUD;SI;SI
157879;UNIVERSIDAD NACIONAL MAYOR DE SAN MARCOS;MAESTRÍA EN GESTIÓN PUBLICA;;NO
160217;UNIVERSIDAD NACIONAL MAYOR DE SAN MARCOS;DERECHO CIVIL Y COMERCIAL;SI;SI
158063;UNIVERSIDAD NACIONAL HERMILIO VALDIZAN - ESCUELA DE POST GRADO;MEDIO AMBIENTE Y DESARROLLO SOSTENIBLE;SI;SI
159735;UNIVERSIDAD CESAR VALLEJO;GESTION PUBLICA;;NO
159736;UNIVERSIDAD NACIONAL HERMILIO VALDIZAN;INVESTIGACION Y DOCENCIA SUPERIOR;SI;
0;UNIVERSIDAD DE ALCALA;DERECHO;;NO
161463;UNIVERSIDAD DE HUANUCO - UNIVERSIDAD NACIONAL HERMILIO VALDIZAN;DERECHO PROCESAL - GERENCIA PUBLICA;SI;SI
160947;UNIVERSIDAD NACIONAL "HERMILIO VALDIZÁN";GESTIÓN DEL DESARROLLO SOCIAL;SI;SI
159224;UNIVERSIDAD NACIONAL HEMILIO VALDIZÁN;SISTEMA DE PROTECCIÓN DE NIÑO Y EL ADOLESCENTE;;NO
158263;ESCUELA DE MANAGEMENT DE NORMANDIE - FRANCIA;MÁSTER ESPECIALIZADO EN DESARROLLO, INNOVACIÓN Y MARKETING TERRITORIAL;SI;SI
158264;UNIVERSIDAD DE HUANUCO;DOCENCIA EN EDUCACIÓN SUPERIOR E INVESTIGACIÓN;SI;SI
161019;UNIVERSIDAD CESAR VALLEJO;MAESTRIA EN GESTION PUBLICA;SI;SI
158682;PONTIFICIA UNIVERSIDAD CATOLICA DEL PERU - PUCP;GERENCIA SOCIAL;;NO
159783;UNIVERSIDAD DE CASTILLA - LA MANCHA;MÁSTER UNIVERSITARIO OFICIAL EN DERECHO CONSTITUCIONAL;SI;
157882;CENTRO DE ALTOS ESTUDIOS NACIONALES;ADMINISTRACIÓN Y GESTIÓN PÚBLICA CON MENCIÓN EN DEFENSA NACIONAL;SI;SI
157884;PUCP;MBA;SI;SI
158177;UNIVERSIDAD PRIVADA SAN JUAN BAUTISTA SAC;DERECHO CIVIL Y COMERCIAL;SI;SI
158712;CENTRO DE ALTOS ESTUDIOS NACIONALES;ADMINISTRACIÓN Y GESTIÓN PUBLICA CON MENCIÓN EN DEFENSA NACIONAL;;NO
160775;UNIVERSIDAD SAN LUIS GONZAGA DE ICA;MAESTRIA EN MEDICINA HUMANA;SI;
160776;UNIVERSIDAD SAN MARCOS;GESTION PUBLICA;;NO
159099;UNIVERSIDAD NACIONAL SAN LUIS DE GONZAGA DE ICA;MAESTRÍA EN ADMINISTRACIÓN  GESTIÓN EMPRESARIAL;SI;SI
160917;UNIVERSIDAD NACIONAL MAYOR DE SAN MARCOS;MAESTRIA EN DERECHO DEL TRABAJO Y SEGURIDAD SOCIAL;SI;SI
160918;UNIVERSIDAD NACIONAL SAN LUIS GONZAGA DE ICA;ENFERMERA ESPECIALISTA UCI NEONATAL;SI;SI
161604;UNIVERSIDAD CIENTÍFICA DEL SUR;MAESTRÍA EN MEDICINA OCUPACIONAL Y DEL MEDIO AMBIENTE;SI;SI
161605;CENTRUM CATÓLICA;MBA EN GERENCIA INTERNACIONAL;;NO
161606;UNIVERSIDAD SAN LUIS GONZAGA DE ICA;MAESTRÍA ODONTOLOGÍA;;NO
161607;UNIVERSIDAD NACIONAL SAN LUIS GONZAGA DE ICA;GESTIÓN INTEGRADA DE MEDIO AMBIENTE, SEGURIDAD Y SALUD OCUPACIONAL, Y CALIDAD MINERA;;NO
158045;UNIVERSIDAD CESAR VALLEJO;MAESTRA EN GESTIÓN DE LOS SERVICIOS DE LA SALUD;SI;SI
160149;UNIVERSIDAD NACIONAL DE EDUCACION ENRIQUE GUZMAN Y VALLE;CIENCIAS DE LA EDUCACIÓN;SI;SI
160151;UNIVERSIDAD CESAR VALLEJO;GESTIÓN PUBLICA;SI;SI
160981;ENRIQUE GUZMAN Y VALLE;MAESTRIA EN ADMINISTRACIÓN Y GESTIÓN PÚBLICA;SI;SI
160061;UNIVERSIDAD ALAS PERUANAS;DIRECCION Y ADMINISTRACION DE EMPRESAS;SI;SI
160062;UNIVERSIDAD ALAS PERUANAS;ADMINISTRACIÓN Y DIRECCIÓN DE EMPRESAS;SI;SI
161645;UNIVERSIDAD NACIONAL ENRIQUE GUZMAN Y VALLE - LA CANTUTA;DOCENCIA UNIVERSITARIA;;NO
161646;UNIVERSIDAD NACIONAL SAN LUIS GONZAGA DE ICA;CIENCIAS DE LA ENFERMERIA;SI;SI
161647;UNIVERSIDAD NACIONAL SAN LUIS GONZAGA DE ICA;ADMINISTRACION CON MENCION EN GESTION PUBLICA;SI;SI
161348;UNIVERSIDAD NACIONAL SAN LUIS GONZAGA DE ICA ESCUELA DE POSGRADO;CIENCIAS EMPRESARIALES;SI;SI
161349;UNIVERSIDAD NORBERT WIENNER;MAESTRIA EN GESTION DE SALUD;;NO
159761;UNIVERSIDAD SAN MARTIN DE `PORRES;GESTION PUBLICA;SI;SI
159763;SAN LUIS GONZAGA DE ICA;GESTION PUBLICA;;NO
159822;UNIVERSIDAD NACIONAL FEDERICO VILLARREAL;MAESTRÍA EN GERENCIA DE PROYECTOS DE INGENIERIA;SI;SI
158190;CENTRO DE ALTOS ESTUDIOS NACIONALES (CAEN);DESARROLLO Y DEFENSA NACIONAL;SI;SI
158191;UNIVERSIDAD SAN LUIS GONZAGA DE ICA;SALUD PÚBLICA;SI;SI
158931;UNIVERSIDAD SAN LUIS GONZAGA DE ICA;MAESTRIA EN INGENIERIA MECANICA Y ELECTRICA - ENERGIA Y MEDIO AMBIENTE;SI;SI
158934;UNIVERSIDAD CESAR VALLEJO;ADMINISTRACION DE LA EDUCACION;SI;SI
160921;UNIVERSIDAD NACIONAL DEL CENTRO DEL PERU;MAESTRIA EN ADMINISTRACION , DOCTORADO EN ADMINISTRACION;SI;SI
160922;UNIVERSIDAD NACIONAL DEL CENTRO DEL PERU;DESARROLLO SOSTENIBLE;SI;SI
160924;UNIVERSIDAD CESAR VALLEJO;MAGISTER EN ADMINISTRACIÓN DE LA EDUCACIÓN;SI;SI
157892;PONTIFICIA UNIVERSIDAD CATOLICA DEL PERÚ;CIENCIA POLÍTICA CON MENCIÓN EN POLÍTICAS PÚBLICAS;SI;SI
157895;UNIVERSIDAD NACIONAL DE EDUCACION ENRIQUE GUZMAN Y VALLE;GESTION EDUCACIONAL;SI;SI
158984;UNIVERSIDAD CONTINENTAL;GESTION PUBLICA Y PRIVADA DE LA SALUD;;NO
158985;UNIVERSIDAD SAN AGUSTIN DE AREQUIPA;DOCTORA EN CIENCIAS ENFERMERIA;SI;SI
158986;UNIVERSIDAD CESAR VALLEJO;MAESTRIA EN GESTION PUBLICA;SI;SI
157986;UNIVERSIDAD NACIONAL DE SAN AGUSTIN DE AREQUIPA;CUIDADO DEL ADULTO MAYOR;SI;
157988;UNIVERSIDAD NACIONAL FEDERICO VILLARREAL (DOCTORADO);MEDIO AMBIENTE Y DESARROLLO SOSTENIBLE;SI;SI
157989;UNIVERSIDAD NACIONAL DEL CENTRO DEL PERU;GESTIÓN PÚBLICA;;NO
159706;UNIVERSIDAD NACIONAL DEL CENTRO DEL PERU;MAESTRIA EN DESARROLLO RURAL;SI;SI
159707;UNIVERSIDAD NACIONAL DEL CENTRO DEL PERU;MAESTRIA EN DESARROLLO RURAL;SI;SI
159710;UNIVERSIDAD RICARDO PALMA;MAESTRÍA EN ADMINISTRACIÓN DE NEGOCIOS;SI;SI
159153;UNIVERSIDAD CESAR VALLEJO;GESTION PUBLICA;SI;SI
160499;UNIVERSIDAD NACIONAL DEL CENTRO DEL PERÚ;DIDÁCTICA UNIVERSITARIA;SI;SI
160500;UNIVERSIDAD CÉSAR VALLEJO;MAESTRÍA EN GESTIÓN PÚBLICA;;NO
160501;UNIVERSIDAD NACIONAL SAN CRISTÓBAL DE HUAMANGA;DIPLOMADO DERECHO PROCESAL CIVIL;SI;SI
161513;UNIVERSIDAD NACIONAL DEL CENTRO DEL PERU;DESARROLLO RURAL;SI;SI
161514;UNIVERSIDAD NACIONAL DEL CENTRO DEL PERU;POLÍTICA Y GENTION TRIBUTARIA;;NO
160445;ENRIQUE GUZMAN Y VALLE LA CANTUTA;ADMINISTRACIÓN Y GESTIÓN PUBLICA;SI;SI
160446;UNIVERSIDAD CONTINENTAL;ESTRATEGIA DE MARKETING;SI;SI
160446;UNIVERSIDAD CONTINENTAL;ESTRATEGIA DE MARKETING;SI;SI
160658;UNIVERSIDAD NACIONAL DEL CENTRO DEL PERU;EDUCACIÓN SUPERIOR;;NO
160659;UNIVERSIDAD NACIONAL DEL CENTRO DEL PERÚ;GESTIÓN PUBLICA;SI;SI
160660;UNIVERSIDAD NACIONAL DEL CENTRO DEL PERÚ;RESPONSABILIDAD SOCIAL, RELACIONES COMUNITARIAS Y RESOLUCIÓN DE CONFLICTOS;SI;SI
160661;UNIVERSIDAD NACIONAL DEL CENTRO DEL PERÚ;LECTURA Y ESCRITURA;SI;SI
160662;UNIVERSIDAD CESAR VALLEJO;PSICOLOGIA EDUCATIVA;SI;SI
159991;UNIVERSIDAD NACIONAL ENRIQUE GUZMAN Y VALLE - LA CANTUTA;CIENCIAS DE LA EDUCACIÓN;SI;SI
159992;UNIVERSIDAD PERUANA LOS ANDES;DERECHO CIVIL Y COMERCIAL;SI;SI
159994;UNIVERSIDAD NACIONAL DEL CENTRO DEL PERU;ENSEÑANZAS ESTRATEGICAS;SI;SI
159307;UNIVERSIDAD NACIONAL DEL CENTRO DEL PERÚ - UNCP;ADMINISTRACIÓN ESTRATÉGICA DE EMPRESAS;SI;SI
159308;UNIVERSIDAD NACIONAL DEL CENTRO DEL PERÚ;ADMINISTRACIÓN ESTRATÉGICA;SI;SI
158197;UNIVERSIDAD NACIONAL DE HUANCAVELICA;MAESTRÍA EN DERECHO PENAL;;NO
158198;UNIVERSIDAD CESAR VALLEJO;MAESTRIA EN GESTION PUBLICA;SI;SI
159626;UNIVERSIDAD NACIONAL DEL CENTRO DEL PERU;GESTION PUBLICA;;NO
160992;UNIVERSIDAD NACIONAL DEL CENTRO DEL PERÚ;MAESTRIA EN GESTION MINERA Y DOCTORADO EN SEGURIDAD Y CONTROL EN MINERÍA;SI;SI
160686;UNIVERSIDAD CESAR VALLEJO;GESTION PUBLICA;SI;SI
160687;UNIVERSIDAD NACIONAL DE HUANCAVELICA;ADMINISTRACIÓN Y GERENCIA EN SERVICIOS DE SALUD;;NO
159361;PONTIFICIA UNIVERSIDAD CATÓLICA DEL PERÚ;ADMINISTRACIÓN ESTRATÉGICA - GERENCIA INTERNACIONAL;SI;SI
159645;UNIVERSIDAD NACIONAL DEL CENTRO DEL PERÚ;PROMOCIÓN DE LA INFANCIA;;NO
159527;UNIVERSIDAD NACIONAL FEDERICO VILLARREAL;MAESTRÍA EN GESTIÓN DE ALTA DIRECCIÓN;;NO
159531;UNIVERSIDAD PERUANA LOS ANDES;DERECHO CIVIL Y COMERCIAL;;NO
161310;UNIVERSIDAD ESTATAL SAN PETESBURGO;MASTER EN CIENCIAS JURÍDICAS;SI;SI
161311;ESCUELA DE POST GRADO DE LA UNIVERSIDAD NACIONAL DE TRUJILLO;MAESTRIA EN GESTION AMBIENTAL Y SEGURIDAD EN LAS EMPRESAS;SI;SI
157885;UNIVERSIDAD NACIONAL DE TRUJILLO;DERECHO DEL TRABAJO Y LA SEGURIDAD VIAL;SI;SI
157886;UNIVERSIDAD PARTICULAR ANTENOR ORREGO;MAESTRÍA EN SALUD PÚBLICA Y DESARROLLO HUMANA;SI;SI
157887;UNIVERSIDAD CESAR VALLEJO;MAESTRÍA EN GESTIÓN PÚBLICA;;NO
157891;UNIVERSIDAD PRIVADA CESAR VALLEJO;MEGISTER EN GESTIÓN PÚBLICA;SI;SI
160944;UNIVERSIDAD CÉSAR VALLEJO;DOCENCIA UNIVERSITARIA;SI;SI
160946;UNIVERSIDAD NACIONAL DE TRUJILLO;GERENCIA SOCIAL Y RELACIONES COMUNITARIAS;;NO
158036;UNIVERSIDAD NACIONAL DE TRUJILLO;GESTIÓN PUBLICA;SI;SI
158038;UNIVERSIDAD CESAR VALLEJO;GESTIÓN PUBLICA;SI;SI
158041;UNIVERSIDAD PRIVADA ANTENOR ORREGO;OBSTETRICIA-MENCION SALUDSEXUAL Y REPODUCTIVO;SI;SI
158558;PONTIFICIA UNIVERSIDAD CATÓLICA DEL PERÚ;CIENCIAS POLÍTICAS;;NO
158559;UNIVERSIDAD NACIONAL DE TRUJILLO;CIENCIAS SOCIALES;;NO
158562;UNIVERSIDAD CÉSAR VALLEJO;DOCENCIA Y GESTIÓN PÚBLICA;SI;SI
158563;UNIVERSIDAD CATÓLICA BENEDITCTO XVI;AUDITORIA Y GESTIÓN PÚBLICA;SI;
159173;UNIVERSIDAD CESAR VALLEJO;MAESTRÍA EN GESTIÓN PUBLICA;;NO
160504;UNIVERSIDAD PRIVADA CESAR VALLEJO;GESTION PUBLICA;SI;SI
160506;UNIVERSIDAD NACIONAL DE TRUJILLO;SIST. INTEGRADOS DE GESTION DE CALIDAD, AMBIENTE, SEGURIDAD Y RESPONSABILIDAD SOCIAL CORPORATIVA;;NO
160507;UNIVERSIDAD CATÓLICA DE SANTA MARÍA;HISTORIA DEL ARTE;;NO
161659;ESCUELA SUPERIOR DE ADMINISTRACIÓN PÚBLICA ESAP;GESTIÓN GUBERNAMENTAL;SI;SI
161660;UNIVERSIDAD NACIONAL DE TRUJILLO;MAESTRIA EN DERECHO LABORAL Y SEGURIDAD SOCIAL;;NO
161721;UNIVERSIDAD DE CASTILLA LA MANCHA;DERECHO CONSTITUCIONAL;SI;SI
161723;UNIVERSIDAD PRIVADA ANTENOR ORREGO;DERECHO  CIVIL  EMPRESARIAL;;NO
161724;UNIVERSIDAD PEDRO RUIZ GALLO - LAMBAYEQUE;CUIDADOS CRITICOS Y EMERGENCIAS;SI;
158319;UNIVERSIDAD NACIONAL DE TRUJILLO;GESTIÓN PUBLICA Y DESARROLLO LOCAL;;NO
158320;PONTIFICIA UNIVERSIDAD CATÓLICA DEL PERÚ;MAGISTER EN ADMINISTRACION DE NEGOCIOS GLOBALES;SI;SI
161454;UNIVERSIDAD DE CASTILLA LA MANCHA;DERECHO AMBIENTAL ANTE LA GLOBALIZACIÓN;SI;SI
161454;UNIVERSIDAD DE CASTILLA LA MANCHA;DERECHO AMBIENTAL ANTE LA GLOBALIZACIÓN;SI;SI
161459;UNIVERSIDAD CESAR VALLEJO;GESTIÓN DE LOS SERVICIOS DE LA SALUD;SI;SI
159635;UNIVERSIDAD NACIONAL DE TRUJILLO;DERECHO CONSTITUCIONAL;SI;SI
159636;UNIVERSIDAD NACIONAL DE TRUJILLO;MICROBIOLOGIA CLINICA;SI;SI
159637;UNIVERSIDAD LA CATÓLICA DEL PERÚ;ANTROPOLOGÍA;;NO
159638;UNIVERSIDAD PRIVADA ANTENOR ORREGO;SALUD OCUPACIONAL Y MEDICO AMBIENTE;SI;SI
159764;UNIVERSIDAD NACIONAL DE TRUJILLO;DERECHO CONSTITUCIONAL Y ADMINISTRATIVO;;NO
159765;UNIVERSIDAD CESAR VALLEJO;MAGISTER EN EDUCACIÓN CON MENCIÓN EN DOCENCIA Y GESTIÓN EDUCATIVA;SI;SI
161761;UNIVERSIDAD ANTENOR ORREGO;MAESTRIA EN ADMINISTRACIÓN Y FINANZAS;SI;SI
161762;UNIVERSIDAD CESAR VALLEJO;MAGISTER EN ADMINISTRACIÓN DE NEGOCIOS;SI;SI
161764;UNIVERSIDAD NACIONAL DE TRUJILLO;PEDAGOGÍA UNIVERSITARIA;;NO
161765;UNIVERSIDAD NACIONAL DE TRUJILLO;MAESTRO EN GERENCIA DE OPERACIONES;SI;SI
161766;UNIVERSIDAD NACIONAL DE TRUJILLO;TECNOLOGÍA DE LA INFORMACIÓN;SI;SI
161771;UNIVERSIDAD CATOLICA LOS ANGELES DE CHIMBOTE;ADMINISTRACION;SI;SI
161771;CENTRO DE ALTOS ESTUDIOS NACIONALES - CAEN;DESARROLLO Y DEFENSA NACIONAL;SI;SI
158107;UNIVERSIDAD NACIONAL DE TRUJILLO;DERECHO DE TRABAJO Y SEGURIDAD SOCIAL;;NO
158108;UNIVERSIDAD NACIONAL DE BUENOS AIRES;CIENCIAS AMBIENTALES;SI;SI
158109;UNIVERSIDAD NACIONAL DEL SANTA;CIENCIAS EN GESTION AMBIENTAL;SI;SI
158974;UNIVERSIDAD NACIONAL DE TRUJILLO;DERECHO CONSTITUCIONAL Y ADMINISTRATIVO;;NO
158975;UNIVERSIDAD NACIONAL DE TRUJILLO;GESTION EDUCATIVA Y DESARROLLO REGIONAL;SI;
158977;UNIVERSIDAD CESAR VALLEJO;ADMINISTRACION DE LA EDUCACION;SI;SI
161714;UNIVERSIDAD PRIVADA CESAR VALLEJO;GESTION PUBLICA;;NO
161715;UNIVERSIDAD NACIONAL DE TRUJILLO;DERECHO CIVIL Y COMERCIAL;;NO
159715;UNIVERSIDAD DE SAN MARTIN DE PORRES;MAESTRIA EN GOBIERNO Y GESTION PUBLICA;SI;SI
158404;UNIVERSIDAD NACIONAL ENRIQUE GUZMAN Y VALLE - LA CANTUTA;GESTION PUBLICA;SI;SI
158406;UNIVERSIDAD CESAR VALLEJO;GESTIÓN PÚBLICA;SI;SI
158408;UNIVERSIDAD NACIONAL DE TRUJILLO;ORGANIZACION Y DIRECCION DE RECURSOS HUMANOS;;NO
158409;INSTITUTO PEDAGOGICO NACIONAL MONTERRICO;GESTION ESCOLAR CON LIDERAZGO PEDAGOGICO;SI;SI
158410;UNIVERSIDAD CATÓLICA DE TRUJILLO;EDUCACIÓN INCLUSIVA;;NO
161135;UNIVERSIDAD NACIONAL PEDRO RUIZ GALLO;SEGUNDA ESPECIALIDAD EN PSICOPEDAGOGÍA: PSICOMOTRICIDAD;SI;SI
161137;UNIVERSIDAD NACIONAL PEDRO RUIZ GALLO;DERECHO CON MENCIÓN EN CIENCIAS PENALES;SI;SI
157902;UNIVERSIDAD PEDRO RUIZ GALLO;DOCTOR EN GESTION UNIVERSITARIA;SI;SI
157903;UNIVERSIDAD PRIVADA CESAR VALLEJO;MAESTRIA EN ADMINISTRACIÓN  DE NEGOCIOS Y RELACIONES INTERNACIONALES;SI;SI
157904;UNIVERSIDAD CESAR VALLEJO;EDUC. CON MENCION EN DOCENCIA Y GESTION EDUCATIVA;SI;SI
157906;UNIVERSIDAD CESAR VALLEJO;GESTIÓN PUBLICA;SI;
158117;UNIVERSIDAD CESAR VALLEJO;GESTIÓN PUBLICA;SI;SI
159163;UNIVERSIDAD DELIMA;ADMINISTRACION;SI;SI
160511;UNIVERSIDAD NACIONAL PEDRO RUIZ GALLO;PSICOLOGIA CLINICA;SI;SI
161570;UNIVERSIDAD NACIONAL PEDRO RUIZ GALLO;GOBERNABILIDAD DESCENTRALIZACION Y REFORMA DEL ESTADO;SI;SI
161573;UNIVERSIDAD NACIONAL PEDRO RUIZ GALLO;ADMINISTRACION DE EMPRESAS;;NO
161574;UNIVERSIDAD NACIONAL PEDRO RUIZ GALLO - ESCUELA DE POSTGRADO;DOCTORA EN ADMINISTRACION;SI;SI
161563;CENTRO DE ALTOS ESTUDIOS NACIONALES - CAEN;MAESTRIA EN DESARROLLO Y DEFENSA NACIONAL;SI;SI
158254;UNIVERSIDAD NACIONAL DE PIURA;MAESTRIA EN ADMINISTRACION CON MENCION EN GERENCIA GUBERNAMENTAL;SI;SI
158256;UNIVERSIDAD CESAR VALLEJO;ADMINISTRACION DE NEGOCIOS;SI;SI
158257;UNIVERSIDAD NACIONAL PEDRO RUIZ GALLO;SICOPEDAGOGIA COGNITIVA;SI;SI
160102;UNIVERSIDAD CÉSAR VALLEJO;DOCENCIA Y GESTIÓN EDUCATIVA;SI;SI
160104;UNIVERSIDAD NACIONAL DE TRUJILLO;CIENCIAS ECONÓMICAS - TRIBUTACIÓN;SI;SI
158554;UNIVERSIDAD SAN MARTIN DE PORRES;GOBERNALIDAD DEMOCRÁTICA ECONÓMICA Y SOCIAL;SI;SI
158555;UNIVERSIDAD DE PIURA;DERECHO PRIVADO EMPRESARIAL;SI;SI
159187;UNIVERSIDAD CESAR VALLEJOS;MAESTRIA EN GESTION PUBLICA;SI;SI
159189;ESCUELA DE POSTGRADO UNPRG;ADMINISTRACION Y GERENCIA EMPRESARIAL;SI;SI
159142;UNIVERSIDAD NACIONAL PEDRO RUIZ GALLO DE LAMBAYEQUE;MAESTRIA EN ENERGÍA;SI;SI
159143;UNIVERSIDAD PONTIFICIA DE COMILLAS - MADRID - ESPAÑA;MASTER EN RECURSOS HUMANOS;SI;SI
159145;CENTRUM CATOLICA - MADEN VI - CHICLAYO;MBA;SI;SI
158760;UNIVERSIDAD CESAR VALLEJO DE TRUJILLO;DOCTORA EN COMUNICACION SOCIAL;SI;SI
158763;UNIVERSIDAD NACIONAL FEDERICO VILLARREAL;DERECHO CONSTITUCIONAL;SI;SI
158704;UNIVERSIDAD NACIONAL PEDRO RUIZ GALLO;GERENCIA ESTRATÉGICA EDUCATIVA;;NO
158706;PONTIFICIA UNIVERSIDAD CATÓLICA DEL PERÚ;ECONOMÍA;;NO
158677;UNIVERSIDAD PEDRO RUIZ GALLO;CIENCIAS PENALES;;NO
158680;UNIVERSIDAD NACIONAL PEDRO RUIZ GALLO;MEDICO PEDIATRA;SI;SI
160961;UNIVERSIDAD NACIONAL PEDRO RUIZ GALLO;GERENCIA PUBLICA;SI;
160964;UNIVERSIDAD CESAR VALLEJO;GESTIÓN PUBLICA;SI;
159394;CESAR VALLEJO;MAGISTER EN CIENCIAS POLITICAS;SI;SI
160906;UNIVERSIDAD NACIONAL DE TRUJILLO;MAESTRIA EN DERECHO PENAL;SI;SI
160908;ESCUELA DE POSGRADO DE LA UNIVERSIDAD NACIONAL PEDRO RUIZ GALLO;DERECHO;SI;SI
159110;PONTIFICIA UNIVERSIDAD CATOLICA DEL PERU;DERECHO CONSTITUCIONAL;SI;SI
159111;UNIVERSIDAD SAN JUAN BAUTISTA;GESTION ESTRATEGICA EMPRESARIAL;SI;SI
159113;PONTIFICIA UNIVERSIDAD CATOLICA DEL PERU;MAESTRIA EN CIENCIAS POLITICAS Y GOBIERNO;SI;SI
159114;UNIVERSIDAD SAN MARTIN;DOCTORADO EN DERECHO;SI;SI
159116;EUCIM BUSINESS SCHOOL Y USM PORRES;MAESTRIA EN GESTION PUBLICA;SI;
159117;MBA MASTER BUSINES ADMINISTRATION;ADMINISTRACION DE NEGOCIOS;SI;SI
159125;FEDERICO VILLAREAL;CIENCIAS POLITICAS;SI;SI
159127;ENRIQUE GUZMAN Y VALLE;CIENCIAS DE LA EDUCACION;SI;SI
159128;UNIVERSIDAD SAN MARTIN DE PORRES;MASTER EN GERENCIA PUBLICA;SI;SI
159129;UNIVERSIDAD NACIONAL DEL CALLAO;MAESTRIA DE CONTROL Y AUTOMATIZACION;SI;SI
159134;UNIVERSIDAD NACIONAL FEDERICO VILLARREAL;CRIMINALISTICA;;NO
159135;UNIVERSIDAD PARTICULAR SAN MARTIN DE PORRES;DERECHO DEL TRABAJO;SI;SI
159138;UNIVERSIDAD SAN MARTIN DE PORRES;DERECHO CIVIL;SI;SI
159141;PONTIFICIA UNIVERSIDAD CATOLICA DEL PERU;MAESTRIA EN DERECHO TRIBUTARIO;SI;
157993;UNIVERSIDAD DE GRENOBLE FRANCIA;ECONOMIA INTERNACIONAL;SI;SI
157994;UNIVERSIDAD NACIONAL DE EDUCACION ENRIQUE GUZMAN Y VALLE;CIENCIAS DE LA EDUCACION;SI;SI
157997;UNIVERSIDAD NACIONAL FEDERICO VILLARREAL;DOCTORADO EN SALUD PUBLICA;SI;SI
157998;UNIVERSIDAD FEDERICO VILLARREAL;GESTION Y ADMINISTRACION EDUCATIVA;SI;SI
158002;UNIVERSIDAD PARTICULAR SAN MARTIN DE PORRAS;MAESTRIA DOCENCIA SUPERIOR E INVESTIGACIÓN;SI;SI
158005;CENTRO DE ALTOS ESTUDIOS NACIONALES CAEN;DEFENSA Y DESARROLLO NACIONAL;SI;SI
158006;UNIVERSIDAD CESAR VALLEJO;ADMINISTRACION DE NEGOCIOS MBA;SI;SI
158009;UNIVERSIDAD SAN PEDRO DE CHIMBOTE;MAESTRÍA EN DOCENCIA Y GESTIÓN EDUCATIVA;SI;SI
158010;CENTRO DE ALTOS ESTUDIOS NACIONALES CAEN;MAESTRÍA EN INTELIGENCIA ESTRATÉGICA;;NO
158011;UNIVERSIDAD NACIONAL FEDERICO VILLARREAL;DOCTORADO EN DERECHO;SI;SI
158012;UNIVERSIDAD NACIONAL MAYOR DE SAN MARCOS;MAESTRÍA EN SOCIOLOGÍA CON MENCIÓN EN ESTUDIOS POLÍTICOS;SI;SI
158015;UNIVERSIDAD  NACIONAL FEDERICO VILLAREAL;DOCTORADO EN SALUD PÚBLICA;SI;SI
158016;UNIVERSIDAD PERUANA DE CIENCIAS APLICADAS;MAESTRIA EN DIRECCION DE LA CONSTRUCCION;SI;SI
158018;UNIVERSIDAD NACIONAL DE EDUCACION ENRIQUE GUZMAN Y VALLE LA CANTUTA;DOCENCIA UNIVERSITARIA;SI;SI
158020;UNIVERSIDAD DEL PACIFICO;COMUNICACION POLITICA;SI;SI
158023;UNIVERSIDAD ESAN;MAGISTER EN ADMINISTRACION;SI;SI
158025;ESCUELA DE POSGRADO DE LA UNIVERSIDAD SAN IGNACIO DE LOYOLA;MAGISTER EN ADMINISTRACION DE NEGOCIOS MBA;SI;SI
161517;UNIVERSIDAD NACIONAL FEDERICO VILLARREAL;MAESTRÍA EN DERECHO CIVIL;SI;SI
161519;UNIVERSIDAD NACIONAL DE EDUCACIÓN ENRIQUE GUZMÁN Y VALLE;GESTIÓN PUBLICA;;NO
161528;UNIVERSIDAD SAN MARTIN DE PORRES;GESTION PUBLICA;;NO
161532;UNIVERSIDAD ESAN;MBA;SI;SI
161533;UNIVERSIDAD NACIONAL MAYOR DE SAN MARCOS;ECONOMIA DE LA SALUD;SI;SI
161535;UNIVERSIDAD PONTIFICIA COMILLAS - MADRID;TEOLOGIA DOGMATICA FUNDAMENTAL;SI;SI
161537;UNIVERSIDAD CESAR VALLEJO;DOCENCIA Y GESTION;SI;
158765;UNIVERSIDAD NACIONAL JOSE FAUSTINO SANCHEZ CARRION;DERECHO CONSTITUCIONAL Y ADMINISTRATIVO;;NO
158767;UNIVERSIDAD NACIONAL MAYOR DE SAN MARCOS;INGENIERÍA INDUSTRIAL;SI;SI
158768;UNIVERSIDAD NACIONAL MAYOR DE SAN MARCOS;CIENCIAS ECONÓMICAS Y GESTIÓN;SI;SI
158770;UNIVERSITA CAMPUS BIOMEDICO DI ROMA;MASTER II LIVELLO ESTRUCTURAS SANITARIA;SI;SI
158772;INSTITUTO UNIVERSITARIO DE ALTOS ESTUDIOS INTERNACIONALES (THE GRADUATE INSTITUTE) DE GINEBRA;RELACIONES INTERNACIONALES Y DERECHO INTERNACIONAL;SI;SI
158778;BUREAU VERITAS(ESPAÑA);COMERCIO EXTERIOR;SI;SI
158780;UNIVERSIDAD NACIONAL FEDERICO VILLARREAL;DERECHO DOCTORADO;SI;SI
158782;UNIVERSIDAD NACIONAL FEDERICO VILLARREAL;GESTIÓN Y ADMINISTRACIÓN DE LA EDUCACION;SI;SI
158783;UNIVERSIDAD NACIONAL FEDERICO VILLARREAL;CRIMINALISTICA;SI;SI
158784;MONTCLAIR STATE UNIVERSITY;ESTUDIOS PARALEGALES;SI;SI
158785;UNIVERSIDAD NACIONAL FEDERICO VILLARREAL;DERECHO CIVIL Y COMERCIAL;SI;SI
158791;CENTRO DE ALTOS ESTUDIOS NACIONALES - CAEN;INTELIGENCIA ESTRATÉGICA;;NO
158793;UNIVERSIDAD NACIONAL FEDERICO VILLARREAL;DERECHO;SI;SI
158795;COLEGIO DE ABOGADOS DE LIMA SUR;DERECHO CIVIL;SI;SI
158799;UNIVERSIDAD CESAR VALLEJO;GESTIÓN PÚBLICA;SI;SI
161666;UNIVERSIDAD DE BOSTON;LITERATURA HISPÁNICA;SI;SI
161667;UNIVERSIDAD NACIONAL FEDERICO VILLARREAL;DOCTORADO EN DERECHO;SI;
161670;PONTIFICA UNIVERSIDAD CATÓLICA DEL PERU;GOBIERNO Y POLITICAS PUBLICAS;;NO
161671;UNIVERSIDAD ESAN;FORMACIÓN DE GESTORES PÚBLICOS EN DESARROLLO SOCIAL;SI;SI
161672;PONTIFICIA UNIVERSIDAD CATÓLICA DEL PERÚ;MAESTRIA EN DERECHOS HUMANOS;;NO
161675;UNIDAD DE POST GRADO EN DERECHO DE LA UNIVERSIDAD MAYOR DE SAN MARCOS;DERECHO CONSTITUCIONAL Y DERECHOS HUMANOS;SI;SI
161677;UNIVERSIDAD NACIONAL FEDERICO VILLARAEL;MAESTRIA EN SALUD PUBLICA;SI;SI
161678;UNIVERSIDAD NACIONAL DE INGENERIA;MAESTRIA EN CIENCIAS CON MENCIÓN EN ARQUITECTURA VIVIENDA;SI;SI
161681;UNIVERSIDAD NACIONAL MAYOR DE SAN MARCOS;MAESTRÍA EN CIVIL Y COMERCIAL;SI;SI
161688;UNIVERSIDAD NACIONAL DE EDUCACIÓN ENRIQUE GUZMÁN Y VALLE;CIENCIAS DE LA EDUCACION;SI;SI
161690;UNIVERSIDAD ENRIQUE GUZMAN Y VALLE;DIDACTICA DE LAS CCSS;;NO
161691;ESCUELA UNIVERSITARIA DE POST GRADO DE LA UNIVERSIDAD NACIONAL FEDERICO VILLARAEL;MARKETING Y NEGOCIOS INTERNACIONALES;SI;SI
161694;ESCUELA DE POSGRADO DE LA UNIVERSIDAD SAN MARTIN DE PORRES;MAESTRIA REGISTRAL Y NOTARIAL;SI;
161696;CENTRO DE ALTOS ESTUDIOS NACIONALES;GESTION PUBLICA;SI;SI
161700;UNIVERSITY OF OTTAWA;ECONOMIA;SI;SI
