ID_CANDIDATO;ORGANIZACION_POLITICA;CARGO_PARTIDARIO;DESDE;HASTA
159690;PARTIDO POLÍTICO FRENTE POPULAR AGRICOLA FIA DEL PERU - FREPAP;VICE PRESIDENTA DE LA C. N. E.;2015;2019
159695;PARTIDO POLÍTICO FRENTE POPULAR AGRICOLA FIA DEL PERU - FREPAP;SECRETARIO GENERAL DEL COMITE EJECUTIVO DEL DISTRITO DE SANTIAGO DE SURCO;2015;2016
159695;PARTIDO POLÍTICO FRENTE POPULAR AGRICOLA FIA DEL PERU - FREPAP;SECRETARIO DE ORGANIZACION DEL COMITE EJECUTIVO DEL DISTRITO DE SANTIAGO DE SURCO;2017;2018
159697;PARTIDO POLÍTICO FRENTE POPULAR AGRICOLA FIA DEL PERU - FREPAP;2019;2019;2019
160516;PARTIDO POLÍTICO NUEVA MAYORIA;PRESIDENTA;2004;2012
160516;AGRUPACIÓN INDEPENDIENTE NUEVA MAYORÍA;SECRETARIA GENERAL NACIONAL;1998;2004
160520;CAMBIO 90;SECRETARIO NACIONAL DE ECONOMÍA - PERSONERO LEGAL;1989;1994
160521;PARTIDO POLÍTICO AGRUPACION INDEPENDIENTE SI CUMPLE;SECRETARIO NACIONAL DE ASUNTOS LABORALES;2006;2006
160523;PARTIDO POLÍTICO RESTAURACION NACIONAL;MIEMBRO DEL CEN - SECRETARIO NACIONAL DE FORMACIÓN Y CAPACITACIÓN;2009;2010
160524;PARTIDO POLÍTICO RENOVACION NACIONAL;TESORERO;2004;2010
160524;PARTIDO POLÍTICO RENOVACION NACIONAL;REPRESENTANTE LEGAL;2004;2010
160535;PARTIDO POLÍTICO NUEVA MAYORIA;SECRETARIO PROVINCIAL;1995;2010
160535;PARTIDO POLÍTICO FUERZA POPULAR;COORDINADOR SECTORIAL;2014;2019
160539;PARTIDO POLÍTICO FUERZA POPULAR;SECRETARIA DE LA MUJER - SAN BORJA;2018;2019
160541;PARTIDO POLÍTICO FUERZA POPULAR;SECRETARIA DE LA MUJER;2016;2019
160550;PARTIDO POLÍTICO PARTIDO POPULAR CRISTIANO - PPC;SECRETARIO COMANDO ESTUDIANTIL;1977;1983
158368;PARTIDO POLÍTICO JUNTOS POR EL PERU;PRESIDENTE;2018;2019
158370;PARTIDO POLÍTICO JUNTOS POR EL PERU;SECRETARIA NACIONAL DE PLAN DE GOBIERNO;2018;2019
158373;PARTIDO POLÍTICO PARTIDO NACIONALISTA PERUANO;MILITANTE;2011;2016
158379;MOVIMIENTO NUEVO PERÚ;MIEMBRO DE LA COMISIÓN POLÍTICA;2017;2019
158397;PARTIDO POLÍTICO JUNTOS POR EL PERU;MIEMBRO DEL CEN;2017;HASTA LA ACTUALIDAD
160597;PARTIDO POLÍTICO PARTIDO APRISTA PERUANO;SECRETARIO GENERAL;2004;2010
160597;PARTIDO POLÍTICO PARTIDO APRISTA PERUANO;PRESIDENTE DE LA COMISION POLITICA;2017;HASTA LA ACTUALIDAD
160598;PARTIDO POLÍTICO PARTIDO APRISTA PERUANO;SECRETARIO REGIONAL DE JUNIN;2004;2006
160598;PARTIDO POLÍTICO PARTIDO APRISTA PERUANO;MIEMBRO DE LA COMISION POLITICA NACIONAL;2010;2019
160600;PARTIDO POLÍTICO PARTIDO APRISTA PERUANO;SECRETARIO GENERAL DEL COMANDO NACIONAL UNIVERSITARIO APRISTA;2012;2013
160602;PARTIDO POLÍTICO PARTIDO APRISTA PERUANO;SECRETARIO GENERAL COMANDO UNIVERSITARIO APRISTA - PUCP;2004;2006
160602;PARTIDO POLÍTICO PARTIDO APRISTA PERUANO;SECRETARIO NACIONAL ADJUNTO DE FORMACION POLITICA;2010;2016
160603;PARTIDO POLÍTICO PARTIDO APRISTA PERUANO;SECRETARIA GENERAL DE LA JAP DE VILLA MARIA DEL TRIUNFO;2006;2009
160603;PARTIDO POLÍTICO PARTIDO APRISTA PERUANO;SECRETARIA DE JUVENTUDES DEL PAP VMT;2010;2015
160605;PARTIDO POLÍTICO PARTIDO APRISTA PERUANO;SECRETARIA DE LA AGRUPACIÓN DE MICRO Y PEQUEÑA EMPRESA;2001;2011
160611;PARTIDO POLÍTICO PARTIDO APRISTA PERUANO;SECRETARIO NACIONAL DE RELACIONES EXTERIORES;2007;2010
160611;PARTIDO POLÍTICO PARTIDO APRISTA PERUANO;SUB SECRETARIO GENERAL- SECRETARIO DE ORGANIZACIÓN COMANDO UNIVERSITARIO PUCP;1977;1980
160612;PARTIDO POLÍTICO PARTIDO APRISTA PERUANO;SECRETARIO GENERAL COMITÉ EJECUTIVO DISTRITAL DE CANTO GRANDE;2015;2019
160613;PARTIDO POLÍTICO PARTIDO APRISTA PERUANO;SECRETARIA NACIONAL ADJUNTA DE ASUNTOS DEPORTIVOS;2017;2018
160614;PARTIDO POLÍTICO PARTIDO APRISTA PERUANO;DIRECTORA NACIONAL DE SALUD Y SEGURIDAD SOCIAL;2004;2006
160614;PARTIDO POLÍTICO PARTIDO APRISTA PERUANO;MIEMBRO DE LA COMISION ORGANIZADORA DEL XXII CONGRESO NACIONAL ORDINARIO;2004;2004
160617;PARTIDO POLÍTICO PARTIDO APRISTA PERUANO;SECRETARIO DEPARTAMENTAL DE ECONOMIA LA LIBERTAD;1968;1969
160617;PARTIDO POLÍTICO PARTIDO APRISTA PERUANO;SECRETARIO DEPARTAMENTAL DEL PAP CAJAMARCA;1980;1981
160620;PARTIDO POLÍTICO PARTIDO APRISTA PERUANO;SECRATARIO DE ORGANIZACION DEL SECTOR LOS OLIVOS;2006;2010
160622;PARTIDO POLÍTICO PARTIDO APRISTA PERUANO;SECRETARIA DISTRITAL DE DISCIPLINA DE BREÑA;2017;HASTA LA ACTUALIDAD
160624;PARTIDO POLÍTICO PARTIDO APRISTA PERUANO;SECRETARIA ADJUNTA - SECRETARIA NACIONAL DE LA MUJER;2010;2019
160626;PARTIDO POLÍTICO PARTIDO APRISTA PERUANO;SECRETARIO DE ORGANIZACION DEL DISTRITO DE SAN MARTIN DE PORRES;2018;2019
160631;PARTIDO POLÍTICO PARTIDO APRISTA PERUANO;SECRATRIA DE PRENSA Y PROPAGANDA DEL COMANDO UNIVERSITARIO VILLARREAL;2003;2007
160631;PARTIDO POLÍTICO PARTIDO APRISTA PERUANO;SECRETARIA DE TRANSPORTES DE LA CTP;2014;2017
160632;PARTIDO POLÍTICO PARTIDO APRISTA PERUANO;SECRETARIO NACIONAL DE GOBIERNOS REGIONALES;2017;2018
159889;PARTIDO POLÍTICO PERU POSIBLE;SUB SECRETARIA GENERAL;2014;2017
159889;PARTIDO POLÍTICO PERU POSIBLE;SECRETARÍA NACIONAL DE ORGANIZACIONES SOCIALES DE BASE;2012;2014
159891;PARTIDO POLÍTICO PARTIDO DEMOCRATICO SOMOS PERU;SECRETARIO GENERAL DISTRITAL DE LINCE;2019;HASTA LA ACTUALIDAD
159892;PARTIDO POLÍTICO PARTIDO DEMOCRATICO SOMOS PERU;SECRETARIA NACIONAL DE LA MUJER Y DESARROLLO SOCIAL;2017;HASTA LA ACTUALIDAD
159893;PARTIDO POLÍTICO PARTIDO DEMOCRATICO SOMOS PERU;SECRETARIO DISTRITAL DE SAN JUAN DE LURIGANCHO;2015;2017
159894;PARTIDO POLÍTICO PARTIDO DEMOCRATICO SOMOS PERU;SECRETARIO DE ORGANIZACION DE SAN MARTIN DE PORRES;2019;HASTA LA ACTUALIDAD
159894;PARTIDO POLÍTICO PARTIDO DEMOCRATICO SOMOS PERU;SECRETARIO GENERAL DISTRITAL;2017;2019
159895;PARTIDO POLÍTICO VAMOS PERU;MILITANTE;2014;2016
159895;PARTIDO POLÍTICO PARTIDO DEMOCRATICO SOMOS PERU;SECRETARIO DISTRITAL DE MIRAFLORES;2019;HASTA LA ACTUALIDAD
159896;PARTIDO POLÍTICO PARTIDO DEMOCRATICO SOMOS PERU;SECRETARIA NACIONAL DE JUVENTUDES;2010;2013
159897;PARTIDO POLÍTICO PARTIDO DEMOCRATICO SOMOS PERU;SECRETARIO GENERAL DEL DISTRITO DE ATE;2019;HASTA LA ACTUALIDAD
159899;PARTIDO POLÍTICO PARTIDO DEMOCRATICO SOMOS PERU;SECRETARIA DISTRITAL;2019;HASTA LA ACTUALIDAD
159899;PARTIDO POLÍTICO PARTIDO DEMOCRATICO SOMOS PERU;SECRETARIA PROVINCIAL DE MUJERES;2019;HASTA LA ACTUALIDAD
159900;PARTIDO POLÍTICO PARTIDO DEMOCRATICO SOMOS PERU;SECRETARIO DISTRITAL PUEBLO LIBRE;2019;HASTA LA ACTUALIDAD
159910;PARTIDO POLÍTICO PARTIDO DEMOCRATICO SOMOS PERU;SECRETARIO DISTRITAL DE COMAS;2017;2019
159910;PARTIDO POLÍTICO PARTIDO DEMOCRATICO SOMOS PERU;SECRETARIA PROVINCIAL DE COMUNICACIONES - LIMA;2019;HASTA LA ACTUALIDAD
159912;PARTIDO POLÍTICO PARTIDO DEMOCRATICO SOMOS PERU;SECRETARIO DISTRITAL DE VILLA MARIA DEL TRIUNFO;2019;HASTA LA ACTUALIDAD
159912;PARTIDO POLÍTICO PARTIDO DEMOCRATICO SOMOS PERU;SECRETARIA PROVINCIAL DE PLAN DE GOBIERNO - LIMA;2019;HASTA LA ACTUALIDAD
159915;PARTIDO POLÍTICO PARTIDO DEMOCRATICO SOMOS PERU;SECRETARIA GENERAL DISTRITAL PACHACAMAC;2019;HASTA LA ACTUALIDAD
159915;PARTIDO POLÍTICO PARTIDO DEMOCRATICO SOMOS PERU;SECRETARIA DE ECONOMIA PROVINCIAL DE LIMA METROPOLITANA;2019;HASTA LA ACTUALIDAD
159920;PARTIDO POLÍTICO PARTIDO DEMOCRATICO SOMOS PERU;SECRETARIA DE ORGANIZACIÓN DEL DISTRITO DE MAGDALENA;2019;HASTA LA ACTUALIDAD
159922;PARTIDO POLÍTICO PARTIDO DEMOCRATICO SOMOS PERU;SECRETARIO DE ECONOMÍA DISTRITAL;2017;2019
159922;PARTIDO POLÍTICO PARTIDO DEMOCRATICO SOMOS PERU;SECRETARIO DE ORGANIZACION;2019;HASTA LA ACTUALIDAD
159923;PARTIDO POLÍTICO PARTIDO DEMOCRATICO SOMOS PERU;SECRETARIA DISTRITAL DE COMUNICACIONES;2019;HASTA LA ACTUALIDAD
161412;PARTIDO POLÍTICO PARTIDO MORADO;MIEMBRO DEL COMITÉ POLÍTICO DEL PARTIDO MORADO;2018;HASTA LA ACTUALIDAD
161412;PARTIDO POLÍTICO PARTIDO MORADO;SECRETARIO NACIONAL DE ESTRATEGIA PROGRAMÁTICA Y PLAN DE GOBIERNO;2018;HASTA LA ACTUALIDAD
161413;PARTIDO POLÍTICO PARTIDO MORADO;MIEMBRO DEL COMITÉ EJECUTIVO NACIONAL;2017;HASTA LA ACTUALIDAD
161413;PARTIDO POLÍTICO PARTIDO MORADO;SECRETARIA NACIONAL DE ASUNTOS LEGALES;2018;HASTA LA ACTUALIDAD
161414;PARTIDO POLÍTICO PARTIDO MORADO;SECRETARIO DE ORGANIZACIÓN Y PLANEAMIENTO;2019;HASTA LA ACTUALIDAD
161415;PARTIDO POLÍTICO PARTIDO MORADO;SECRETARIO GENERAL NACIONAL;2018;HASTA LA ACTUALIDAD
161415;PARTIDO POLÍTICO PARTIDO MORADO;PERSONERO LEGAL NACIONAL ALTERNO;2017;2019
161416;PARTIDO POLÍTICO PARTIDO MORADO;SECRETARIA NACIONAL DE COMUNICACIÓN;2018;HASTA LA ACTUALIDAD
161418;PARTIDO POLÍTICO PARTIDO POR LA DEMOCRACIA SOCIAL - COMPROMISO PERU;MIEMBRO DE LA ASAMBLEA NACIONAL;2005;2006
161422;PARTIDO POLÍTICO PARTIDO MORADO;MIEMBRO DEL COMITÉ EJECUTIVO NACIONAL;2019;HASTA LA ACTUALIDAD
161423;PARTIDO POLÍTICO PARTIDO MORADO;FUNDADORA;2017;HASTA LA ACTUALIDAD
161423;PARTIDO POLÍTICO PARTIDO MORADO;COMITE EJECUTIVO NACIONAL;2017;HASTA LA ACTUALIDAD
161424;PARTIDO POLÍTICO PARTIDO MORADO;SECRETARIO NACIONAL DE DOCTRINA;2018;HASTA LA ACTUALIDAD
161424;PARTIDO POLÍTICO PARTIDO MORADO;MIEMBRO DEL COMITÉ EJECUTIVO NACIONAL;2018;HASTA LA ACTUALIDAD
161425;PARTIDO POLÍTICO PARTIDO MORADO;FUNDADOR;2017;HASTA LA ACTUALIDAD
161425;PARTIDO POLÍTICO PARTIDO MORADO;SECRETARIO NACIONAL DE FINANZAS;2019;HASTA LA ACTUALIDAD
161428;PARTIDO POLÍTICO PARTIDO MORADO;MIEMBRO DEL COMITÉ EJECUTIVO NACIONAL;2018;HASTA LA ACTUALIDAD
161429;PARTIDO POLÍTICO PARTIDO MORADO;SECRETARIO GENERAL DE LIMA METROPOLITANA;2019;HASTA LA ACTUALIDAD
161430;PARTIDO POLÍTICO PARTIDO MORADO;SECRETARIA PROVINCIAL DE ORGANIZACIÓN Y PLANEAMIENTO DE LIMA METROPOLITANA;2019;HASTA LA ACTUALIDAD
161430;PARTIDO POLÍTICO PARTIDO MORADO;FUNDADORA;2019;HASTA LA ACTUALIDAD
161431;PARTIDO POLÍTICO PARTIDO DESCENTRALISTA FUERZA SOCIAL;FUNDADOR;2010;2012
161432;PARTIDO POLÍTICO PARTIDO MORADO;SECRETARIO GENERAL DISTRITAL DE SAN JUAN DE LURIGANCHO;2019;HASTA LA ACTUALIDAD
161433;PARTIDO POLÍTICO PARTIDO MORADO;SECRETARIO PROVINCIAL DE GREMIOS Y ORGANIZACIONES SOCIALES DE LIMA METROPOLITANA;2019;HASTA LA ACTUALIDAD
161434;PARTIDO POLÍTICO PARTIDO MORADO;SUB SECRETARIA NACIONAL DE JÓVENES MORADOS;2019;HASTA LA ACTUALIDAD
161435;PARTIDO POLÍTICO PARTIDO MORADO;SUB SECRETARIO NACIONAL DE JÓVENES MORADOS;2019;HASTA LA ACTUALIDAD
161436;ALIANZA ELECTORAL ALIANZA ELECTORAL UNIDAD NACIONAL;SECRETARIO GENERAL DISTRITAL;2019;HASTA LA ACTUALIDAD
161437;PARTIDO POLÍTICO PARTIDO MORADO;SECRETARIA GENERAL DISTRITAL DE CERCADO DE LIMA;2019;HASTA LA ACTUALIDAD
161439;PARTIDO POLÍTICO PARTIDO MORADO;SECRETARIA DISTRITAL DE MAGDALENA DEL MAR;2019;HASTA LA ACTUALIDAD
161440;PARTIDO POLÍTICO PARTIDO MORADO;SECRETARIO PROVINCIAL DE ESTRATEGIA PROGRAMATICA Y PLAN DE GOBIERNO DE LIMA METROPOLITANA;2019;2019
161440;PARTIDO POLÍTICO PARTIDO MORADO;SECRETARIO DISTRITAL DE ORGANIZACIÓN Y PLANEAMIENTO DE SAN MIGUEL;2019;HASTA LA ACTUALIDAD
161441;PARTIDO POLÍTICO PARTIDO MORADO;SECRETARIA GENERAL DISTRITAL DE PUEBLO LIBRE;2019;HASTA LA ACTUALIDAD
161442;PARTIDO POLÍTICO PARTIDO MORADO;SECRETARIO DISTRITAL GENERAL DE VILLA EL SALVADOR;2019;HASTA LA ACTUALIDAD
161443;PARTIDO POLÍTICO PERU POSIBLE;MILITANTE;2005;2017
161443;PARTIDO POLÍTICO PARTIDO MORADO;MIEMBRO DEL EQUIPO DE ORGANIZACIÓN NACIONAL;2019;HASTA LA ACTUALIDAD
161444;PARTIDO POLÍTICO PARTIDO MORADO;SECRETARIO GENERAL DISTRITAL DE MIRAFLORES;2019;HASTA LA ACTUALIDAD
161446;PARTIDO POLÍTICO PARTIDO MORADO;SECRETARIO DISTRITAL DE COMAS;2019;HASTA LA ACTUALIDAD
161447;PARTIDO POLÍTICO PARTIDO MORADO;SECRETARIA DE ORGANIZACIÓN Y PLANEAMIENTO DE PUEBLO LIBRE;2019;HASTA LA ACTUALIDAD
161192;PARTIDO POLÍTICO PERU POSIBLE;SECRETARIO NACIONAL POLÍTICA;2001;2006
161192;PARTIDO POLÍTICO CONTIGO;PRESIDENTE DIRECCIÓN POLÍTICA;2019;HASTA LA ACTUALIDAD
161193;PARTIDO POLÍTICO CONTIGO;SECRETARIO GENERAL;2019;HASTA LA ACTUALIDAD
161193;PARTIDO POLÍTICO PERUANOS POR EL KAMBIO;SECRETARIO GENERAL;2012;2018
161194;PARTIDO POLÍTICO PERU POSIBLE;SECRETARIO NACIONAL DE ORGANIZACIÓN;2009;2011
161194;PARTIDO POLÍTICO CONTIGO;SECRETARIO NACIONAL DE ORGANIZACIÓN;2015;HASTA LA ACTUALIDAD
161195;PARTIDO POLÍTICO CONTIGO;MIEMBRO COMITE POLÍTICO;2017;HASTA LA ACTUALIDAD
161200;PARTIDO POLÍTICO CONTIGO;MIEMBRO DEL COMITÉ NACIONAL DE POLÍTICA;2017;2019
161202;PARTIDO POLÍTICO PARTIDO POPULAR CRISTIANO - PPC;MIEMBRO DEL TRIBUNAL NACIONAL ELECTORAL;2014;2014
161204;OTRO;SECRETARIO DE CAPACITACIÓN Y FORMACIÓN POLÍTICA;2015;2016
161208;PERUANOS POR EL KAMBIO;DIRIGENTE;2016;2018
161209;PARTIDO POLÍTICO PERU POSIBLE;SECRETARIA DISTRITAL;2005;2010
161211;PERUANOS POR EL KAMBIO;SUB SECRETARIA DE ORGANIZACION DE LA SECRETARIA DE MIRAFLORES;2017;2019
160240;PARTIDO POLÍTICO PARTIDO DESCENTRALISTA FUERZA SOCIAL;FUNDADOR - MIEMBRO DEL COMITE DE HUACHO;2010;2012
160241;PARTIDO POLÍTICO PERU LIBRE;SECRETARIA DE ORGANIZACION SUR;2019;HASTA LA ACTUALIDAD
160241;PARTIDO POLÍTICO PARTIDO RENACIMIENTO ANDINO;ADHERENTE FUNDACIONAL - MIEMBRO DE CONVENCION NACIONAL EXTRAORDINARIA;2004;2007
160244;PARTIDO POLÍTICO PARTIDO NACIONALISTA PERUANO;SECRETARIO DE ORGANIZACION  COMITE VENEZUELA;2008;2010
160245;PARTIDO POLÍTICO PERU LIBRE;SECRETARIA GENERAL DISTRITAL;2019;HASTA LA ACTUALIDAD
160251;PARTIDO POLÍTICO PERU LIBRE;SECRETARIO DE ORGANIZACION CER LIMA;2017;HASTA LA ACTUALIDAD
160265;PARTIDO POLÍTICO PERU LIBRE;SECRETARIO DISTRITAL DE MAGDALENA;2016;HASTA LA ACTUALIDAD
159241;PARTIDO POLÍTICO PARTIDO POPULAR CRISTIANO - PPC;PRESIDENTE Y REPRESENTANTE LEGAL;2017;HASTA LA ACTUALIDAD
159241;PARTIDO POLÍTICO PARTIDO POPULAR CRISTIANO - PPC;SECRETARIO NACIONAL DE ASUNTOS ELECTORALES;2007;2011
159243;PARTIDO POLÍTICO PARTIDO POPULAR CRISTIANO - PPC;1ER SUBSECRETARIO DISTRITAL DE SAN JUAN DE MIRAFLORES;2007;2010
159243;PARTIDO POLÍTICO PARTIDO POPULAR CRISTIANO - PPC;SECRETARIO GENERAL DISTRITAL DE SAN JUAN DE MIRAFLORES;2011;2015
159246;PARTIDO POLÍTICO PARTIDO POPULAR CRISTIANO - PPC;SECRETARIA GENERAL DEPARTAMENTAL DE LIMA;2011;2015
159246;PARTIDO POLÍTICO PARTIDO POPULAR CRISTIANO - PPC;SECRETARIA NACIONAL DE ORGANIZACION;2017;HASTA LA ACTUALIDAD
159250;PARTIDO POLÍTICO PARTIDO POPULAR CRISTIANO - PPC;SUB SECRETARIA NACIONAL DE FORMACIÓN Y CAPACITACIÓN;2018;2018
159251;PARTIDO POLÍTICO PARTIDO POLÍTICO CONTIGO;SECRETARIO NACIONAL DE IDEOLOGIA Y DOCTRINA;2015;2017
159251;PARTIDO POLÍTICO PARTIDO POLÍTICO CONTIGO;SECRETARIO NACIONAL DE DEFENSA DE ASUNTOS JURIDICOS Y DERECHOS HUMANOS;2015;2015
159252;PARTIDO POLÍTICO PARTIDO POPULAR CRISTIANO - PPC;MIEMBRO DEL TRIBUNAL NACIONAL ELECTORAL;2019;HASTA LA ACTUALIDAD
159253;PARTIDO POLÍTICO PARTIDO POPULAR CRISTIANO - PPC;SECRETARIO GENERAL DISTRITAL DE EL AGUSTINO;2015;HASTA LA ACTUALIDAD
159254;PARTIDO POLÍTICO PARTIDO POPULAR CRISTIANO - PPC;MIEMBRO TITULAR DEL TRIBUNAL NACIONAL DE ETICA Y DISCIPLINA;2011;2015
159257;PARTIDO POLÍTICO PARTIDO POPULAR CRISTIANO - PPC;SECRETARIO GENERAL DISTRITAL DE LA VICTORIA;2014;HASTA LA ACTUALIDAD
159260;PARTIDO POLÍTICO PARTIDO POPULAR CRISTIANO - PPC;SECRETARIA NACIONAL DE LA MUJER;2018;HASTA LA ACTUALIDAD
159263;PARTIDO POLÍTICO PARTIDO POPULAR CRISTIANO - PPC;SECRETARIO GENERAL DISTRITAL DE PUEBLO LIBRE;2015;HASTA LA ACTUALIDAD
159264;PARTIDO POLÍTICO PARTIDO POPULAR CRISTIANO - PPC;PRIMERA SUB SECRETARIA PROVINCIAL LIMA CENTRO;2015;HASTA LA ACTUALIDAD
159265;PARTIDO POLÍTICO PARTIDO POPULAR CRISTIANO - PPC;SEC. DISTRITAL DE LA MOLINA;2019;HASTA LA ACTUALIDAD
159265;PARTIDO POLÍTICO PARTIDO POPULAR CRISTIANO - PPC;SUB SECRETARIO DISTRITAL DE LA MOLINA;2015;2019
159266;PARTIDO POLÍTICO PARTIDO POPULAR CRISTIANO - PPC;PRIMERA SUBSECRETARIA DE CARABAYLLO;2017;HASTA LA ACTUALIDAD
159267;PARTIDO POLÍTICO PARTIDO POPULAR CRISTIANO - PPC;SECRETARIA NACIONAL DE POLITICA;2017;HASTA LA ACTUALIDAD
159268;PARTIDO POLÍTICO PARTIDO POPULAR CRISTIANO - PPC;2NDA SUBSECRETARIA DISTRITAL CERCADO DE LIMA;2010;2013
159270;PARTIDO POLÍTICO PARTIDO POPULAR CRISTIANO - PPC;PRIMERA SECRETARIA DISTRITAL DEL DISTRITO DE ATE;2011;2015
159271;PARTIDO POLÍTICO PARTIDO POPULAR CRISTIANO - PPC;SECRETARIO DISTRITAL DE PLAN DE GOBIERNO SANTA ANITA;2015;HASTA LA ACTUALIDAD
159275;PARTIDO POLÍTICO PARTIDO POPULAR CRISTIANO - PPC;SECRETARIO REGIONAL DE MOVILIZACIÓN - LIMA METROPOLITANA;2019;HASTA LA ACTUALIDAD
159275;PARTIDO POLÍTICO PARTIDO POPULAR CRISTIANO - PPC;SUB SECRETARIO NACIONAL DE JUVENTUDES;2006;2007
160864;PARTIDO POLÍTICO PERU NACION;PRESIDENTE;2015;HASTA LA ACTUALIDAD
159929;PARTIDO POLÍTICO PERU PATRIA SEGURA;SECRETARIO GENERAL;2008;HASTA LA ACTUALIDAD
159930;ORGANIZACIÓN POLÍTICA LOCAL DISTRITAL MOVIMIENTO INDEPENDIENTE POLITICO VILLA CAMBIA;SECRETARIO GENERAL;2018;2018
159930;ORGANIZACIÓN POLÍTICA LOCAL DISTRITAL MOVIMIENTO INDEPENDIENTE POLITICO VILLA CAMBIA;SECRETARIO DE MOVILIZACION;2014;2015
159933;PARTIDO POLÍTICO PERU PATRIA SEGURA;SECRETARIO NACIONAL DE PROYECTOS Y PLANES DE DESARROLLO;2014;2019
159933;PARTIDO POLÍTICO PERU PATRIA SEGURA;SECRETARIO GENERAL DEPARTAMENTO DE LIMA;2019;HASTA LA ACTUALIDAD
159944;PARTIDO POLÍTICO PERU PATRIA SEGURA;PERSONERO LEGAL ALTERNO;2014;2019
159944;PARTIDO POLÍTICO PERU PATRIA SEGURA;SECRETARIO DEL COMITE DE ETICA Y DISCIPLINA;2018;HASTA LA ACTUALIDAD
159946;PARTIDO POLÍTICO PERU PATRIA SEGURA;MIEMBRO DE COMITE EJECUTIVO NACIONAL;2016;HASTA LA ACTUALIDAD
159946;PARTIDO POLÍTICO PERU PATRIA SEGURA;SECRETARIO DE GESTION AMBIENTAL;2017;HASTA LA ACTUALIDAD
159954;PARTIDO POLÍTICO PERU PATRIA SEGURA;SECRETARIO  NACIONAL DE ECONOMIA;2014;HASTA LA ACTUALIDAD
159954;PARTIDO POLÍTICO PERU PATRIA SEGURA;SECRETARÍA NACIONAL DE ACTAS Y ARCHIVOS;2011;2014
159960;PARTIDO POLÍTICO PARTIDO RENACIMIENTO ANDINO;SECRETARIO DE ECONOMIA NACIONAL;2006;2008
161038;PARTIDO POLÍTICO RENACIMIENTO UNIDO NACIONAL;SECRETARIO GENERAL NACIONAL;2010;2017
161052;PARTIDO POLÍTICO PARTIDO POLÍTICO CONTIGO;MILITANTE;2015;2019
161053;PARTIDO POLÍTICO PODEMOS POR EL PROGRESO DEL PERU;SECRETARIO NACIONAL DE ORGANIZACION Y MOVILIZACION;2017;2019
161053;PARTIDO POLÍTICO PODEMOS POR EL PROGRESO DEL PERU;SECRETARIO DEL TRIBUNAL ELECTORAL NACIONAL;2018;2019
161059;PARTIDO POLÍTICO ACCION POPULAR;SECRETARIO NACIONAL DE ASUNTOS LABORALES;2007;2009
161068;PARTIDO POLÍTICO CAMBIO RADICAL;AFILIADO;2010;2012
160355;ORGANIZACIÓN POLÍTICA LOCAL DISTRITAL LA MOLINA HACIA EL GRAN CAMBIO;|APODERADO;DIRECTOR DE ORGANIZACIÓN Y ADMINISTRACIÓN;FUNDADOR;PERSONERO LEGAL ALTERNO;REPRESENTANTE|;2010;2011
160357;MOVIMIENTO REGIONAL O DEPARTAMENTAL RENACIMIENTO UNIDO NACIONAL;SECRETARIO NACIONAL DE PLAN DE GOBIERNO;2019;2019
160366;ALIANZA ELECTORAL ALIANZA ELECTORAL SOLIDARIDAD NACIONAL - UPP;REGIDOR;2015;2018
160369;PARTIDO POLÍTICO PARTIDO SOCIALISTA;SECRETARIO GENERAL;1990;1995
160376;ALIANZA ELECTORAL ALIANZA PARA EL PROGRESO DEL PERU;RESPONSABLE POLITICO DISTRITAL;2010;2017
160806;MOVIMIENTO REGIONAL O DEPARTAMENTAL MOVIMIENTO INDEPENDIENTE REGIONAL RIO SANTA CAUDALOSO;SECRETARIA DE IDEOLOGÍA Y DOCTRINA;2005;2010
160808;PARTIDO POLÍTICO PERU POSIBLE;SECRETARIO GENERAL;1999;2002
160812;PARTIDO POLÍTICO PARTIDO JUSTICIA NACIONAL;FUNDADOR;2004;2007
160818;MOVIMIENTO POLITICO NUEVA GENERACION;SECRETARIO ZONAL;2000;2002
160822;PARTIDO POLÍTICO PERU PATRIA SEGURA;MILITANTE;2015;2019
160824;PARTIDO POLÍTICO SOLIDARIDAD NACIONAL;AFILIADO;2006;2017
160833;ALIANZA ELECTORAL UNIDAD NACIONAL;COORDINADOR DE PERSONEROS;2006;2006
160833;ALIANZA ELECTORAL UNIDAD NACIONAL;JEFE DE TRANSFERENCIA DE DEFENSA CIVIL;2002;2002
159832;PARTIDO POLÍTICO UNION POR EL PERU;SECRETARIO GENERAL NACIONAL;2005;HASTA LA ACTUALIDAD
159832;PARTIDO POLÍTICO UNION POR EL PERU;SECRETARIO GENERAL DEPARTAMENTAL;2001;2004
159833;PARTIDO POLÍTICO SOLIDARIDAD NACIONAL;SECRETARIO NACIONAL DE DIFUSION;1994;2010
159833;MOVIMIENTO REGIONAL O DEPARTAMENTAL PRIMERO LAMBAYEQUE;PRESIDENTE;2017;HASTA LA ACTUALIDAD
159836;ORGANIZACIÓN POLÍTICA LOCAL DISTRITAL UNIDAD CHORRILLANA;REPRESENTANTE LEGAL;2009;2018
159837;PARTIDO POLÍTICO PARTIDO APRISTA PERUANO;MILITANTE;1999;2010
159838;PARTIDO POLÍTICO PERU POSIBLE;SECRETARIO REGIONAL DE  LIMA PROVINCIAS;2015;2017
159838;PARTIDO POLÍTICO PERU POSIBLE;SECRETARIO PROVINCIAL  DE YAUYOS;2009;2011
159839;PARTIDO POLÍTICO UNION POR EL PERU;COORDINADOR REGIONAL DE LIMA - CALLAO;2019;HASTA LA ACTUALIDAD
159849;PARTIDO POLÍTICO PERU POSIBLE;MILITANTE;2006;2015
159852;MOVIMIENTO REGIONAL O DEPARTAMENTAL MOVIMIENTO ETNOCACERISTA REGIONAL DEL CUSCO;PERSONERO TECNICO TITULAR;2013;2019
159853;PARTIDO POLÍTICO UNION POR EL PERU;SECRETARIO DISTRITAL DE BARRANCO;2018;HASTA LA ACTUALIDAD
159858;PARTIDO POLÍTICO UNION POR EL PERU;MILITANTE;2004;HASTA LA ACTUALIDAD
158726;PARTIDO POLÍTICO VAMOS PERU;MIEMBRO SUPLENTE DEL TRIBUNAL ELECTORAL;2014;2018
158727;PARTIDO POLÍTICO JUNTOS POR EL PERU;SECRETARIA NACIONAL DE PUEBLOS ORIGINARIOS;2010;2012
158728;PARTIDO POLÍTICO PERUANOS POR EL KAMBIO;MIEMBRO DEL CEN Y SECRETARIO DE ECONOMIA;2015;2015
158743;PARTIDO POLÍTICO PERU AHORA;MIEMBRO DEL PRIMER CONGRESO NACIONAL;2004;2007
158743;PARTIDO POLÍTICO PERU AHORA;SUB SECRETARIA NACIONAL DE SALUD Y ALIMENTACION;2004;2007
158630;PARTIDO POLÍTICO ACCION POPULAR;SECRETARIO GENERAL DISTRITAL;2009;2011
158633;PARTIDO POLÍTICO ACCION POPULAR;SECRETARIA GENERAL PROVINCIAL;2009;2011
159886;PARTIDO POLÍTICO EL FRENTE AMPLIO POR JUSTICIA, VIDA Y LIBERTAD;COORDINADOR PROVINCIAL;2017;2018
159887;PARTIDO POLÍTICO EL FRENTE AMPLIO POR JUSTICIA, VIDA Y LIBERTAD;SECRETARIA DE ECONOMÍA;2017;2018
159888;PARTIDO POLÍTICO EL FRENTE AMPLIO POR JUSTICIA, VIDA Y LIBERTAD;COORDINADOR PROVINCIAL - CAÑETE;2019;HASTA LA ACTUALIDAD
160553;PARTIDO POLÍTICO FUERZA POPULAR;PERSONERA LEGAL DE LA PROVINCIA DE CAÑETE;2016;2016
160553;PARTIDO POLÍTICO FUERZA POPULAR;PERSONERA LEGAL DE LA PROVINCIA DE CAÑETE;2018;2018
160554;PARTIDO POLÍTICO FUERZA POPULAR;PERSONERO LEGAL DE TUMBES;2010;2011
160555;PARTIDO POLÍTICO FUERZA POPULAR;SECRETARIO GENERAL DE LA PROVINCIA DE LIMA;2013;2019
161271;PARTIDO POLÍTICO JUNTOS POR EL PERU;SUB SECRETARÍA NACIONAL DE ORGANIZACIÓN Y MOVILIZACIÓN MACRO REGIÓN LIMA;2010;2012
161273;PARTIDO POLÍTICO MOVIMIENTO NUEVA IZQUIERDA;SECRETARIA NACIONAL DE LA JUVENTUD;2003;2007
161758;PARTIDO POLÍTICO PARTIDO APRISTA PERUANO;SECRETARIO DEPARTAMENTAL JUVENIL;1979;1981
161758;PARTIDO POLÍTICO PARTIDO APRISTA PERUANO;SECRETARIO DE OIRGANIZACION;1990;1992
160998;PARTIDO POLÍTICO PARTIDO DEMOCRATICO SOMOS PERU;SECRETARIA PROVINCIAL DE HUARAL;2019;HASTA LA ACTUALIDAD
160998;PARTIDO POLÍTICO PARTIDO DEMOCRATICO SOMOS PERU;SECRETARIA REGIONAL DE ECONOMIA;2019;HASTA LA ACTUALIDAD
160999;PARTIDO POLÍTICO PARTIDO DEMOCRATICO SOMOS PERU;SECRETARIO GENERAL REGIONAL DE LIMA PROVINCIA;2016;2019
159615;PARTIDO POLÍTICO PARTIDO MORADO;SECRETARIA GENERAL DISTRITO HUAURA;2019;HASTA LA ACTUALIDAD
159616;PARTIDO POLÍTICO PARTIDO MORADO;AFILIADO MIEMBRO DEL COMITÉ DE LIMA PROVINCIA DE CAÑETE;2018;HASTA LA ACTUALIDAD
159438;PARTIDO POLITICO CONTIGO;SECRETARIA NACIONAL DE DEFENSA, ASUNTOS JURIDICOS Y DERECHOS HUMANOS;2019;HASTA LA ACTUALIDAD
159438;PARTIDO POLITICO CONTIGO;COMITE NACIONAL DE POLITICA;2017;HASTA LA ACTUALIDAD
160074;PARTIDO POLÍTICO PERU POSIBLE;SECRETARIO NACIONAL DE ASUNTOS JURIDICOS;2005;2007
160074;PARTIDO POLÍTICO PERU POSIBLE;MIEMBRO DEL CONGRESO ORDINARIO;2004;2012
159515;MOVIMIENTO REGIONAL O DEPARTAMENTAL CONCERTACION PARA EL DESARROLLO REGIONAL - LIMA;MILITANTE;2015;2019
161241;PARTIDO POLÍTICO PARTIDO DEMOCRATICO SOMOS PERU;NINGUNO;2013;2018
158115;PARTIDO POLÍTICO RENOVACION NACIONAL;MIEMBRO DEL COMITE DEL DPTO LIMA, PROVINCIA LIMA, DISTRITO SAN ISIDRO;2004;2012
158193;MOVIMIENTO REGIONAL O DEPARTAMENTAL MOVIMIENTO REGIONAL UNIDAD CIVICA LIMA;PRESIDENTA;2013;2018
158194;MOVIMIENTO REGIONAL O DEPARTAMENTAL MOVIMIENTO REGIONAL UNIDAD CIVICA LIMA;PERSONERO LEGAL ALTERNO;2013;2013
158195;PARTIDO POLÍTICO RESTAURACION NACIONAL;SECRETARIO NACIONAL DE JUVENTUDES;2017;2019
161750;PARTIDO POLÍTICO ACCION POPULAR;SECRETARIO NACIONAL DE IDEOLOGÍA Y CULTURA;2010;2011
161750;PARTIDO POLÍTICO ACCION POPULAR;COMITÉ NACIONAL ELECTORAL - SUPLENTE;2011;2015
157911;MOVIMIENTO REGIONAL O DEPARTAMENTAL MOVIMIENTO INTEGRACION LORETANA;PRESIDENTE FUNDADOR;2013;2018
157911;MOVIMIENTO REGIONAL O DEPARTAMENTAL MOVIMIENTO INTEGRACION LORETANA;REPRESENTANTE LEGAL;2013;HASTA LA ACTUALIDAD
160228;MOVIMIENTO REGIONAL O DEPARTAMENTAL MOVIMIENTO INDEPENDIENTE LORETO - MI LORETO;SECRETARIO REGIONAL DE ORGANIZACIÓN;2013;2017
161628;PARTIDO POLÍTICO PARTIDO APRISTA PERUANO;SUB SECRETARIO DE ORGANIZACION PROVINCIAL DE LORETO;2002;2005
161628;PARTIDO POLÍTICO PARTIDO APRISTA PERUANO;SUB SECRETARIO DE JUVENTUDES PROVINCIAL DE LORETO;2001;2002
161629;PARTIDO POLÍTICO PARTIDO APRISTA PERUANO;SECRETARIO GENERAL DE LA JUVENTUD APRISTA;2000;2004
159417;PARTIDO POLÍTICO PARTIDO MORADO;SECRETARIO REGIONAL DEL PARTIDO MORADO;2018;HASTA LA ACTUALIDAD
159418;PARTIDO POLÍTICO PARTIDO MORADO;SECRETARIO REGIONAL DE PLAN DE GOBIERNO LORETO;2019;2019
159419;PARTIDO POLÍTICO PARTIDO MORADO;SECRETARIA REGIONAL DE PRO MUJER LORETO;2019;HASTA LA ACTUALIDAD
159420;PARTIDO POLÍTICO PARTIDO MORADO;SECRETARIA REGIONAL DE JOVENES MORADOS;2019;HASTA LA ACTUALIDAD
161184;MOVIMIENTO INTEGRACION LORETANA - MIL;SECRETARIA GENERAL - BASE REQUENA;2013;2015
161184;MOVIMIENTO ESPERANZA REGIÓN AMAZONAS -MERA;COORDINADORA MERA - BASE REQUENA;2017;2018
160321;ORGANIZACIÓN POLÍTICA LOCAL DISTRITAL CONTIGO BELEN;FUNDADOR;2002;2016
158850;PARTIDO SOLIDARIDAD NACIONAL;SECRETARIO PROVINCIAL;2018;2019
158850;SOLIDARIDAD NACIONAL;SECRETARIO PROVINCIAL;2018;2019
158989;PARTIDO POLÍTICO ACCION POPULAR;SECRETARIO DEPARTAMENTAL DE PLANIFICACION Y DESARROLLO;2017;HASTA LA ACTUALIDAD
158990;PARTIDO POLÍTICO ACCION POPULAR;PERSONERO LEGAL TITULAR;2014;2014
158624;MOVIMIENTO REGIONAL O DEPARTAMENTAL FUERZA POR MADRE DE DIOS;DIRECTOR EJECUTIVO REGIONAL;2017;2019
158626;MOVIMIENTO REGIONAL O DEPARTAMENTAL MOVIMIENTO INTERCULTURAL REGIONAL;PRESIDENTE;2017;HASTA LA ACTUALIDAD
158603;PARTIDO POLÍTICO FRENTE POPULAR AGRICOLA FIA DEL PERU - FREPAP;COMISIÓN ELECTORAL DE MADRE DE DIOS;2015;2019
158414;PARTIDO POLÍTICO PARTIDO MOVIMIENTO HUMANISTA PERUANO;SECRETARIO GENERAL REGIONAL;2014;2016
158414;PARTIDO POLÍTICO PARTIDO DEMOCRATICO SOMOS PERU;COORDINADOR POLÍTICO REGIONAL DE MADRE DE DIOS;2017;2019
158415;PARTIDO POLÍTICO PARTIDO DEMOCRATICO SOMOS PERU;SECRETARIO DE ORGANIZACIÓN DEL COMITÉ REGIONAL DE MADRE DE DIOS;2019;2019
158415;PARTIDO POLÍTICO PARTIDO DEMOCRATICO SOMOS PERU;CANDIDATO A ALCALDE PROVINCIAL DE TAMBOPATA;2018;2019
160636;MOVIMIENTO REGIONAL O DEPARTAMENTAL ALIANZA LIBERTAD MADREDIOSENSE;PRESIDENTE;2017;HASTA LA ACTUALIDAD
160637;MOVIMIENTO REGIONAL O DEPARTAMENTAL ALIANZA LIBERTAD MADREDIOSENSE;SECRETARIO GENERAL;2017;HASTA LA ACTUALIDAD
158805;PARTIDO POLÍTICO ACCION POPULAR;PERSONERA LEGAL TITULAR MOQUEGUA;2018;2018
158805;PARTIDO POLÍTICO ACCION POPULAR;SECRETARIA GENERAL DEPARTAMENTAL MOQUEGUA;2017;2019
157919;PARTIDO POLÍTICO PARTIDO DEMOCRATICO SOMOS PERU;COORDINADOR PROVINCIAL;1999;2001
157920;PERÚ AHORA;SECRETARIO GENERAL DEL COMITE REGIONAL;2004;2007
161351;PARTIDO POLÍTICO PARTIDO APRISTA PERUANO;SECRETARIO NACIONAL COLEGIADO TRANSITORIO;1993;1993
161351;PARTIDO POLÍTICO PARTIDO APRISTA PERUANO;SECRETARIO NACIONAL DE ADMINISTRACION Y ECONOMIA;1992;1993
159029;PARTIDO POLÍTICO MOVIMIENTO NUEVA IZQUIERDA;SECRETARIA NACIONAL DE LA JUVENTUD;2010;2012
160563;PARTIDO POLÍTICO FUERZA POPULAR;MILITANTE;2009;HASTA LA ACTUALIDAD
160773;PARTIDO POLÍTICO PERU LIBRE;SECRETARIO DE ORGANIZACIÓN;2017;2018
159324;PARTIDO POLÍTICO PARTIDO POPULAR CRISTIANO - PPC;SECRETARIO REGIONAL DE MOVILIZACION DE LIMA METROPOLITANA;2015;2019
161567;PARTIDO POLÍTICO PARTIDO APRISTA PERUANO;SECRETARIO DE ORGANIZACION;1980;1985
161567;PARTIDO POLÍTICO PROYECTO PAIS;COORDINADOR NACIONAL;1998;2001
161568;PARTIDO POLÍTICO ALIANZA PARA EL PROGRESO;RESPONSABLE;2007;2007
158070;MOVIMIENTO REGIONAL O DEPARTAMENTAL AVANCEMOS POR LA UNIDAD Y LA GRANDEZA;SECRETARIO DE ADMINISTRACIÓN;2010;2011
158071;MOVIMIENTO REGIONAL O DEPARTAMENTAL MOVIMIENTO LIDER  - LISTA DE INTEGRACION PARA EL DESARROLLO REGI;SECRETARIA GENERAL;2018;2018
158071;MOVIMIENTO REGIONAL O DEPARTAMENTAL MOVIMIENTO LIDER  - LISTA DE INTEGRACION PARA EL DESARROLLO REGI;SECRETARÍA DE CULTURA, DEPORTES Y RECREACIÓN;2013;2014
157951;ALIANZA ELECTORAL ALIANZA PARA EL PROGRESO DEL PERU;RESPONSABLE DE JÓVENES  - JOVENES PASCO;2017;2018
160958;MOVIMIENTO REGIONAL O DEPARTAMENTAL FRENTE ANDINO AMAZONICO;SEC DE ORGANIZACIÓN;2017;2019
158307;MOVIMIENTO REGIONAL O DEPARTAMENTAL PASCO VERDE;CONSEJERO REGIONAL;2014;2018
161768;PARTIDO POLÍTICO PARTIDO APRISTA PERUANO;SECRETARIO DE ORGANIZACIÓN DEL PARTIDO APRISTA PERUANO;2014;2017
161768;PARTIDO POLÍTICO PARTIDO APRISTA PERUANO;SECRETARIO GENERAL DEL DISTRITO DE YANACANCHA;2009;2012
158313;PARTIDO POLÍTICO PARTIDO DEMOCRATICO SOMOS PERU;SECRETARIA NACIONAL DE LA MUJER Y DESARROLLO SOCIAL;2015;2017
158313;PARTIDO POLÍTICO PARTIDO DEMOCRATICO SOMOS PERU;SECRETARIA NACIONAL DE INTEGRIDAD NACIONAL;2017;HASTA LA ACTUALIDAD
161470;MOVIMIENTO REGIONAL O DEPARTAMENTAL PASCO DIGNIDAD;PERSONERO;2012;2019
160694;PARTIDO POLÍTICO ACCION POPULAR;DIRIGENTE DEPARTAMENTAL;2017;2019
160700;PARTIDO POLÍTICO ACCION POPULAR;SECRETARIA PROVINCIAL;2007;2019
157924;PARTIDO POLÍTICO PARTIDO NACIONALISTA PERUANO;COORDINADOR REGIONAL;2012;2014
157924;PARTIDO POLÍTICO ALIANZA PARA EL PROGRESO;COORDINADOR REGIONAL;2019;2019
157926;PARTIDO POLÍTICO ALIANZA PARA EL PROGRESO;RESPONSABLE POLITICO PROVINCIAL;2017;HASTA LA ACTUALIDAD
157928;PARTIDO POLÍTICO ALIANZA PARA EL PROGRESO;RESPONSABLE POLÍTICO;2014;2018
158239;PARTIDO POLÍTICO DEMOCRACIA DIRECTA;REGIDOR;2019;HASTA LA ACTUALIDAD
159795;PARTIDO SOCIALISTA DEL PERU;SECRETARIO DE PRENSA  Y PROPAGANDA;2005;2014
159796;ALIANZA ELECTORAL FRENTE AMPLIO REGIONAL;MILITANTE;2019;2019
160571;PARTIDO POLÍTICO FUERZA POPULAR;COORDINADOR REGIONAL DE JUVENTUDES;2015;2016
160571;PARTIDO POLÍTICO FUERZA POPULAR;COORDINADOR REGIONAL DE JUVENTUDES;2015;2016
160395;PARTIDO POLÍTICO PARTIDO SOCIALISTA;DIRIGENTE NACIONAL;2004;2007
160395;ALIANZA ELECTORAL IZQUIERDA UNIDA;COMISION CAMPESINA;1981;1990
161822;PARTIDO POLÍTICO PARTIDO APRISTA PERUANO;SECRETARIO GENERAL REGIONAL DE PIURA;2018;HASTA LA ACTUALIDAD
161824;PARTIDO POLÍTICO PARTIDO APRISTA PERUANO;SECRETARIA TECNICA ELECTORAL - PROVINCIA DE TALARA;1993;1997
161824;PARTIDO POLÍTICO PARTIDO APRISTA PERUANO;PRESIDENTE DE LA COMISION DE PLANIFICACION PROVINCIA DE TALARA;1998;2001
161826;PARTIDO POLÍTICO PARTIDO APRISTA PERUANO;SECRETARIO DE ORGANIZACION;2015;HASTA LA ACTUALIDAD
158142;PARTIDO POLÍTICO PARTIDO DEMOCRATICO SOMOS PERU;SECRETARIO REGIONAL DE ORGANIZACION;2019;2019
158144;MOVIMIENTO REGIONAL O DEPARTAMENTAL INNOVACION Y DESARROLLO REGIONAL;SECRETARIO GENERAL;2013;2015
158144;MOVIMIENTO REGIONAL O DEPARTAMENTAL INNOVACION Y DESARROLLO REGIONAL;REPRESENTANTE LEGAL;2013;2014
158145;PARTIDO POLÍTICO PARTIDO DEMOCRATICO SOMOS PERU;SECRETARIA PROVINCIAL DE LA MUJER;2019;2019
158148;PARTIDO POLÍTICO PARTIDO DEMOCRATICO SOMOS PERU;SECRETARIA DE COMUNICACIONES;2019;2019
160933;PARTIDO POLÍTICO PARTIDO MORADO;FUNDADORA;2017;HASTA LA ACTUALIDAD
160933;PARTIDO POLÍTICO PARTIDO MORADO;TESORERO DESCENTRALIZADO;2018;HASTA LA ACTUALIDAD
160934;ORGANIZACIÓN POLÍTICA LOCAL DISTRITAL UNIDAD VECINAL CASTELLANA;REGIDOR DISTRITAL;2010;2011
160936;PARTIDO POLÍTICO PARTIDO MORADO;COORDINADOR REGIONAL DE FIRMAS - PIURA;2016;2018
160936;PARTIDO POLÍTICO PARTIDO MORADO;COORDINADOR PROVINCIAL;2017;2018
160968;PARTIDO POLÍTICO PARTIDO POPULAR CRISTIANO - PPC;MIEMBRO DE COMITÉ;2005;2010
160968;MOVIMIENTO REGIONAL O DEPARTAMENTAL UNION DEMOCRATICA DEL NORTE;SECRETARIO REGIONAL Y FUNDADOR;2013;2015
161616;PARTIDO POLÍTICO PARTIDO SOCIALISTA;DIRIGENTE;2003;2004
159325;PARTIDO POLÍTICO PARTIDO POPULAR CRISTIANO - PPC;SECRETARIA DE LA MUJER;2016;2019
159325;PARTIDO POLÍTICO PARTIDO POPULAR CRISTIANO - PPC;P. SUB SECRETARIA NACIONAL MUJER - NORTE;2003;2006
159326;PARTIDO POLÍTICO PARTIDO POPULAR CRISTIANO - PPC;SECRETARIO GENERAL REGIONAL;2018;HASTA LA ACTUALIDAD
159330;PARTIDO POLÍTICO PARTIDO POPULAR CRISTIANO - PPC;SECRETARIA FORMACIÓN Y CAPACITACIÓN;2019;2019
158087;MOVIMIENTO REGIONAL O DEPARTAMENTAL UNIDOS CONSTRUYENDO;AFILIADO;2006;2011
158088;PARTIDO POLÍTICO PERU POSIBLE;MILITANTE;2002;2017
159282;PARTIDO POLÍTICO PARTIDO APRISTA PERUANO;COMITÉ EJECUTIVO NACIONAL DIMENSIÓN DEL ESTADO;2004;2010
159282;MOVIMIENTO REGIONAL O DEPARTAMENTAL MOVIMIENTO REGIONAL SEGURIDAD Y PROSPERIDAD;PRESIDENTE;2018;HASTA LA ACTUALIDAD
159286;MOVIMIENTO REGIONAL O DEPARTAMENTAL MOVIMIENTO REGIONAL SEGURIDAD Y PROSPERIDAD;SECRETARIA GENERAL PROVINCIAL;2018;2019
161001;PARTIDO POLÍTICO UNION POR EL PERU;COORDINADOR PROVINCIAL TALARA;2018;2019
161006;MOVIMIENTO REGIONAL O DEPARTAMENTAL REGION PARA TODOS;MILITANTE;2015;2018
161007;PARTIDO POLÍTICO UNION POR EL PERU;SECRETARIO REGIONAL PIURA;2016;2019
161007;PARTIDO POLÍTICO UNION POR EL PERU;MIEMBRO DEL COMITÉ DIRECTIVO NACIONAL;2014;2019
160758;PARTIDO POLÍTICO ALIANZA PARA EL PROGRESO;MILITANTE;2007;2019
160760;PARTIDO POLÍTICO DEMOCRACIA DIRECTA;MILITANTE;2017;2018
160763;MOVIMIENTO REGIONAL O DEPARTAMENTAL REGION PARA TODOS;MILITANTE;2018;2019
160351;PARTIDO POLÍTICO ACCION POPULAR;PRESIDENTE DEL COMITE ELECTORAL PUNO;2017;2018
160352;PARTIDO POLÍTICO ACCION POPULAR;SECRETARIA DE ACCIÓN POLÍTICA DE LA MUJER;2017;2019
160352;PARTIDO POLÍTICO ACCION POPULAR;SECRETARIA PROVINCIAL DE YUNGUYO;2010;2012
157931;PARTIDO POLÍTICO ALIANZA PARA EL PROGRESO;RESPONSABLE REGIONAL PUNO;2019;HASTA LA ACTUALIDAD
157957;PARTIDO POLÍTICO ALIANZA PARA EL PROGRESO;SECRETARIO PROVINCIAL DE SAN ROMAN;2019;2019
161078;PARTIDO POLÍTICO AVANZA PAIS - PARTIDO DE INTEGRACION SOCIAL;COORDINADOR REGIONAL;2017;HASTA LA ACTUALIDAD
161082;PARTIDO POLÍTICO AVANZA PAIS - PARTIDO DE INTEGRACION SOCIAL;CONSEJERA REGIONAL;2007;2010
160654;PARTIDO POLÍTICO DEMOCRACIA DIRECTA;COORDINADORA REGIONAL PUNO;2018;2019
161070;PARTIDO POLÍTICO EL FRENTE AMPLIO POR JUSTICIA, VIDA Y LIBERTAD;COORDINADOR REGIONAL DE PUNO;2016;2018
161070;PARTIDO POLÍTICO EL FRENTE AMPLIO POR JUSTICIA, VIDA Y LIBERTAD;COORDINADOR PROVINCIAL SAN ROMAN;2014;2015
161071;PARTIDO POLÍTICO EL FRENTE AMPLIO POR JUSTICIA, VIDA Y LIBERTAD;COORDINADORA PROVINCIAL DE PUNO;2019;HASTA LA ACTUALIDAD
161074;MOVIMIENTO REGIONAL O DEPARTAMENTAL MOVIMIENTO DE INTEGRACION POR EL DESARROLLO REGIONAL (MI CASITA);SECRETARIO DE ORGANIZACION;2015;2019
160576;MOVIMIENTO REGIONAL PICO - PUNO;SECRETARIO DE ORGANIZACIÓN REGIONAL;2014;2016
160580;FUERZA 2011;PRESIDENTA DEL COMITÉ DE DAMAS;2011;2011
161989;MOVIMIENTO REGIONAL O DEPARTAMENTAL PROYECTO POLITICO AQUI;SUB SECRETARIO DE IDEOLOGIA;2010;2015
161993;PARTIDO POLÍTICO EL FRENTE AMPLIO POR JUSTICIA, VIDA Y LIBERTAD;PERSONERO LEGAL ADJUNTA;2016;2016
161884;PARTIDO POLÍTICO PARTIDO APRISTA PERUANO;SECRETARIO GENERAL PROVINCIAL AZANGARO;2016;HASTA LA ACTUALIDAD
161885;PARTIDO POLÍTICO PARTIDO APRISTA PERUANO;SECRETARIO GENERAL COLEGIADO;2018;2018
160332;PARTIDO POLÍTICO PARTIDO DEMOCRATICO SOMOS PERU;SECRETARIO GENERAL REGIONAL;2019;HASTA LA ACTUALIDAD
160316;PARTIDO POLÍTICO PARTIDO MORADO;FUNDADOR;2017;HASTA LA ACTUALIDAD
160316;PARTIDO POLÍTICO PARTIDO MORADO;MIEMBRO DEL COMITÉ EJECUTIVO NACIONAL;2017;HASTA LA ACTUALIDAD
159445;MOVIMIENTO REGIONAL O DEPARTAMENTAL MOVIMIENTO DE INTEGRACION POR EL DESARROLLO REGIONAL (MI CASITA);SECRETARIO DE PRENSA Y PROPAGANDA;2015;HASTA LA ACTUALIDAD
159449;PARTIDO POLÍTICO PARTIDO POLITICO ADELANTE;SECRETARIO GENERAL;2005;2010
159449;PARTIDO POLÍTICO ACCION POPULAR;SECRETARIO DE JUVENTUDES;1978;1981
160642;PARTIDO POLÍTICO PERU LIBRE;SECRETARIO GENERAL REGIONAL;2018;HASTA LA ACTUALIDAD
160289;PARTIDO POLÍTICO PARTIDO POPULAR CRISTIANO - PPC;SECRETARIO DE ASUNTOS ELECTORALES;2018;2019
158838;PARTIDO POLÍTICO PERU NACION;COORDINADOR REGION PUNO;2018;HASTA LA ACTUALIDAD
158838;PARTIDO POLÍTICO PERU NACION;CANDIDATO A ALCALDIA PROVINCIAL;2018;2018
158969;MOVIMIENTO REGIONAL O DEPARTAMENTAL SOMOS PUEBLO;FUNDADOR Y PRESIDENTE;2015;HASTA LA ACTUALIDAD
159968;MOVIMIENTO DE INTEGRACION POR EL DESARROLLO REGIONAL (MI CASITA);SECRETARIO GENERAL REGIONAL;2015;HASTA LA ACTUALIDAD
159968;MOVIMIENTO DE INTEGRACIÓN POR EL DESARROLLO REGIONAL (MI CASITA);REPRESENTANTE LEGAL;2017;2019
160211;PARTIDO POLÍTICO FRENTE ESPERANZA;DIRIGENTE;2016;2017
161149;PARTIDO POLÍTICO ACCION POPULAR;SECRETARIO NACIONAL REGIÓN ORIENTE;1993;1995
161149;PARTIDO POLÍTICO ACCION POPULAR;SECRETARIO GENERAL DEPARTAMENTAL;1990;1992
161151;PARTIDO POLÍTICO ACCION POPULAR;SECRETARIA DE CAPACITACIÓN Y BIENESTAR SOCIAL- COMITÉ POLÍTICO  PROVINCIAL TRANSITORIO;2016;2018
161277;PARTIDO POLÍTICO EL FRENTE AMPLIO POR JUSTICIA, VIDA Y LIBERTAD;COMISIÓN POLÍTICA NACIONAL;2017;HASTA LA ACTUALIDAD
158582;PARTIDO POLÍTICO FRENTE POPULAR AGRICOLA FIA DEL PERU - FREPAP;SECRETARIO GENERAL DEL DEPARTAMENTO DE SAN MARTIN;2016;2018
160585;ORGANIZACIÓN POLÍTICA LOCAL DISTRITAL CASERIOS PARA EL TRABAJO;PERSONERO LEGAL;2010;2011
160586;PARTIDO POLÍTICO FUERZA POPULAR;CANDIDATA  A  LA ALCALDIA DE CHAZUTA;2018;2018
161797;PARTIDO POLÍTICO PARTIDO APRISTA PERUANO;SECRETARIA GENERAL JAP SAN MARTIN;2005;2007
161797;PARTIDO POLÍTICO PARTIDO APRISTA PERUANO;SECRETARIA DE JUVENTUDES - SAN MARTIN;2008;2011
159463;PARTIDO POLÍTICO PARTIDO MORADO;SECRETARIO GENERAL REGIONAL;2015;2019
159464;PARTIDO POLÍTICO PARTIDO MORADO;SECRETARIO GENERAL PROVINCIAL SAN MARTÍN;2019;2019
159464;PARTIDO POLÍTICO PARTIDO MORADO;SECRETARIO DE TALENTOS PROVINCIAL SAN MARTIN;2019;2019
158997;PARTIDO POLÍTICO UNION POR EL PERU;CANDIDATO A ALCALDE PROVINCIAL;2018;2018
158691;ORGANIZACIÓN POLÍTICA LOCAL PROVINCIAL PROYECTO VECINAL;FUNDADOR, REPRESENTANTE LEGAL, SECRETARIO GENERAL;2010;2011
161558;PARTIDO POLÍTICO FUERZA POPULAR;SECRETARIO PROVINCIAL;2014;2015
158122;MOVIMIENTO REGIONAL O DEPARTAMENTAL ACCION REGIONAL;PERSONERO LEGAL;2018;2018
160163;PARTIDO POLÍTICO ALIANZA PARA EL PROGRESO;SECRETARIO DISTRITAL DE NUEVA CAJAMAARCA;2007;2013
161370;PARTIDO POLÍTICO ACCION POPULAR;PERSONERO LEGAL - TARATA;2014;2014
161370;PARTIDO POLÍTICO ACCION POPULAR;PERSONERO LEGAL - TACNA;2018;2018
161588;PARTIDO POLÍTICO PARTIDO APRISTA PERUANO;SECRETARIO GENERAL DE LA JAP ILO;1980;1981
161589;PARTIDO POLÍTICO PARTIDO APRISTA PERUANO;SECRETARIO GENERAL EL COMITÉ EJECUTIVO DISTRITAL;2013;HASTA LA ACTUALIDAD
160304;MOVIMIENTO REGIONAL O DEPARTAMENTAL MOVIMIENTO POPULAR AYMARA QUECHUA AMAZONENSE;FUNDADOR;2014;2015
160304;MOVIMIENTO REGIONAL O DEPARTAMENTAL MOVIMIENTO POPULAR AYMARA QUECHUA AMAZONENSE;SECRETARIA DE LA JUVENTUD;2014;2015
160305;PARTIDO POLÍTICO PARTIDO DEMOCRATICO SOMOS PERU;SECRETARIO REGIONAL;2014;HASTA LA ACTUALIDAD
161373;PARTIDO POLÍTICO PARTIDO MORADO;SECRETARIO GENERAL REGIONAL;2019;HASTA LA ACTUALIDAD
161375;PARTIDO POLÍTICO PARTIDO MORADO;SECRETARIO PROVINCIAL;2017;2019
159376;MOVIMIENTO REGIONAL O DEPARTAMENTAL MOVIMIENTO POPULAR AYMARA QUECHUA AMAZONENSE;FUNDADOR;2014;2015
159436;PARTIDO POLÍTICO PARTIDO POPULAR CRISTIANO - PPC;SECRETARIA DE ASUNTOS ELECTORALES;2015;2016
159436;PARTIDO POLÍTICO PARTIDO POPULAR CRISTIANO - PPC;SECRETARIA DE ASUNTOS DE ORGANIZACION;2017;HASTA LA ACTUALIDAD
159476;PARTIDO POLÍTICO UNION POR EL PERU;MIEMBRO DEL COMITE EN JULI;2005;HASTA LA ACTUALIDAD
159477;PARTIDO POLÍTICO FUERZA DEMOCRATICA;MIEMBRO DEL COMITE EN TACNA;2004;2007
159876;MOVIMIENTO REGIONAL O DEPARTAMENTAL MOVIMIENTO POLITICO REGIONAL EL AGUA;SECRETARIO DE ACTAS Y ARCHIVO;2010;2011
160640;PARTIDO POLÍTICO ACCION POPULAR;SECRETARIA GENERAL DEPARTAMENTAL TUMBES;2014;2016
160640;PARTIDO POLÍTICO ACCION POPULAR;SECRETARIA GENERAL PROVINCIAL TRANSITORIO TUMBES;2004;2005
160641;PARTIDO POLÍTICO ACCION POPULAR;VICE SECRETARIO DE POLITICA;2014;2016
157943;MOVIMIENTO REGIONAL O DEPARTAMENTAL RENOVACION TUMBESINA;JEFE DEL EQUIPO TECNICO;2014;2019
160591;PARTIDO POLÍTICO FUERZA POPULAR;SECRETARIA REGIONAL DE TUMBES;2009;2010
161358;PARTIDO  APRISTA PERUANO;SECRETARIO GENERAL  DEL COMANDO UNIVERSITARIO APRISTA;1977;1979
160112;PARTIDO POLÍTICO PARTIDO MORADO;SECRETARIO REGIONAL DE ORGANIZACIÓN;2019;HASTA LA ACTUALIDAD
160113;PARTIDO POLÍTICO PARTIDO MORADO;SECRETARIA REGIONAL DE ADMINISTRACION Y FINANZAS;2018;HASTA LA ACTUALIDAD
159450;PARTIDO POLÍTICO PARTIDO DEMOCRATICO SOMOS PERU;COORDINADOR REGIONAL ENCARGADO;2018;2018
159700;PARTIDO POLÍTICO PERU NACION;COORDINADOR REGIONAL;2017;HASTA LA ACTUALIDAD
158847;MOVIMIENTO REGIONAL UNIDAD, EXPERIENCIA Y TRABAJO CON ETICA;PRESIDENTE FUNDADOR;2017;HASTA LA ACTUALIDAD
158847;MOVIMIENTO REGIONAL UNIDAD, EXPERIENCIA Y TRABAJO CON ÉTICA;REPRESENTANTE LEGAL;2017;HASTA LA ACTUALIDAD
161186;PARTIDO POLÍTICO ACCION POPULAR;VICE SECRETARIO DE ORGANIZACIÓN;2017;2019
161187;PARTIDO POLÍTICO ACCION POPULAR;SECRETARIA DE DISCIPLINA;2000;2002
161187;PARTIDO POLÍTICO ACCION POPULAR;SECRETARIA DE LA MUJER;2004;2006
157866;PARTIDO POLÍTICO ALIANZA PARA EL PROGRESO;RESPONSABLE POLITICO REGIONAL;2019;HASTA LA ACTUALIDAD
157867;PARTIDO POLÍTICO PARTIDO APRISTA PERUANO;SECRETARIA DEL INTERIOR;1987;1993
157868;MOVIMIENTO REGIONAL O DEPARTAMENTAL YO SOY CALLAO;SECRETARIO GENERAL;2015;2019
157869;PARTIDO POLÍTICO ALIANZA PARA EL PROGRESO;DIRECCIÓN REGIONAL DE ADMINISTRACIÓN;2019;2019
158856;PARTIDO POLÍTICO EL FRENTE AMPLIO POR JUSTICIA, VIDA Y LIBERTAD;COMISION POLITICA NACIONAL;2017;HASTA LA ACTUALIDAD
158856;PARTIDO POLÍTICO EL FRENTE AMPLIO POR JUSTICIA, VIDA Y LIBERTAD;COORDINADOR REGIONAL;2014;2016
158463;PARTIDO POLÍTICO FRENTE POPULAR AGRICOLA FIA DEL PERU - FREPAP;SECRETARIO NACIONAL DE ACTAS Y CONTROL DE ARCHIVOS;2017;2019
158466;PARTIDO POLÍTICO FRENTE POPULAR AGRICOLA FIA DEL PERU;SECRETARIO GENERAL REGION  CALLAO;2015;2017
158206;PARTIDO POLÍTICO JUNTOS POR EL PERU;SECRETARIA NACIONAL DE LA MUJER;2017;HASTA LA ACTUALIDAD
161705;PARTIDO POLÍTICO PARTIDO APRISTA PERUANO;SECRETARIO NACIONAL DE TÉCNICA ELECTORAL;2010;2014
161707;PARTIDO POLÍTICO PARTIDO APRISTA PERUANO;SECRETARIA GERENERAL SECTOR SARITA COLONIA;2007;2019
161707;PARTIDO POLÍTICO PARTIDO APRISTA PERUANO;SECRETARIA DE ACTAS-SECTOR SUR "B" CALLAO;1984;1988
161708;PARTIDO POLÍTICO PARTIDO APRISTA PERUANO;SECRETARIA DE ORGANIZACIÓN DEL DISTRITO POLÍTICO DEL CONO NORTEA CALLAO;2007;2008
161708;PARTIDO POLÍTICO PARTIDO APRISTA PERUANO;SECRETARIA DE LA JAP DEL DISTRITO POLITICO DEL CONO NORTE CALLAO;2001;2004
158935;MOVIMIENTO REGIONAL NUEVO CALLAO;FUNDADOR;2009;2011
158935;MOVIMIENTO REGIONAL NUEVO CALLAO;PERSONERO LEGAL TITULAR;2009;2010
158936;PARTIDO POLÍTICO PARTIDO DEMOCRATICO SOMOS PERU;SECRETARIO DE ORGANIZACION REGIONAL DEL CALLAO;2017;2019
159789;PARTIDO POLÍTICO PARTIDO MORADO;SECRETARIO DE ORGANIZACION Y PLANEAMIENTO DEL CALLAO;2019;HASTA LA ACTUALIDAD
159790;PARTIDO POLÍTICO PARTIDO MORADO;SECRETARIA GENERAL DISTRITAL DE CERCADO CALLAO;2019;HASTA LA ACTUALIDAD
159791;PARTIDO POLÍTICO PARTIDO MORADO;SECRETARIO REGIONAL DE FORMACIÓN DEL TALENTO;2019;HASTA LA ACTUALIDAD
159792;PARTIDO POLÍTICO PARTIDO MORADO;SECRETARIA GENERAL DEL COMITÉ DISTRITAL DE VENTANILLA;2019;HASTA LA ACTUALIDAD
158920;PARTIDO POLÍTICO PARTIDO DEMOCRATICO SOMOS PERU;SECRETARIO DE JUVENTUDES;2015;2019
161031;PARTIDO POLÍTICO FUERZA NACIONAL;MIEMBRO  DEL CONGRESO NACIONAL;2005;2012
161032;PARTIDO POLÍTICO PERU LIBRE;SECRETARIA DE DEFENSA;2017;HASTA LA ACTUALIDAD
159211;PARTIDO POLÍTICO PARTIDO POPULAR CRISTIANO - PPC;CUARTO VICEPRESIDENTE;2018;HASTA LA ACTUALIDAD
159360;PARTIDO POLÍTICO PERU NACION;MILITANTE;2015;2019
158965;PARTIDO POLÍTICO PERU PATRIA SEGURA;SECRETARIO DEPARTAMENTAL;2005;HASTA LA ACTUALIDAD
158911;PODEMOS POR EL PROGRESO DEL PERU;SECRETARIO GENERAL NACIONAL;2017;HASTA LA ACTUALIDAD
161597;PARTIDO POLÍTICO PARTIDO POPULAR CRISTIANO - PPC;COORDINADOR POLITICO;2015;2016
161597;PARTIDO POLÍTICO PARTIDO POPULAR CRISTIANO - PPC;SECRETARIO GENERAL VENTANILLA;2005;2006
158132;PARTIDO POLÍTICO VAMOS PERU;PRESIDENTE;2014;HASTA LA ACTUALIDAD
158132;ALIANZA ELECTORAL CHIMPUM CALLAO;PRESIDENTE Y REPRESENTANTE LEGAL;2014;2015
158133;PARTIDO POLÍTICO VAMOS PERU;SECRETARIA NACIONAL DE LA MUJER;2011;2014
158133;PARTIDO POLÍTICO VAMOS PERU;SECRETARIA NACIONAL DE LA MUJER Y JUVENTUDES;2018;2019
158134;PARTIDO POLÍTICO VAMOS PERU;SECRETARIO DE ORGANIZACION;2013;HASTA LA ACTUALIDAD
161657;PARTIDO POLÍTICO ACCION POPULAR;SECRETARIA DE LA MUJER;2017;2019
161268;MOVIMIENTO REGIONAL O DEPARTAMENTAL MOVIMIENTO INDEPENDIENTE REGIONAL CAMBIO UCAYALINO;SECRETARIO PRENSA Y PROPAGANDA;2014;HASTA LA ACTUALIDAD
160594;PARTIDO POLÍTICO FUERZA POPULAR;COORDINADORA PROVINCIAL DE PADRE ABAD;2016;2016
160583;PARTIDO POLÍTICO PARTIDO NACIONALISTA PERUANO;MILITANTE;2005;2019
158540;MOVIMIENTO REGIONAL O DEPARTAMENTAL UCAYALI REGION CON FUTURO;MIEMBRO DEL COMITÉ;2006;2019
159309;PARTIDO POLÍTICO PARTIDO MORADO;FUNDADOR;2019;HASTA LA ACTUALIDAD
159309;PARTIDO POLÍTICO PARTIDO MORADO;SECRETARIO GENERAL REGIONAL DE UCAYALI;2019;HASTA LA ACTUALIDAD
159310;PARTIDO POLÍTICO PARTIDO MORADO;SECRETARIA GENERAL DE LA PROVINCIA DE CORONEL PORTILLO;2019;HASTA LA ACTUALIDAD
159311;PARTIDO POLÍTICO PARTIDO MORADO;SECRETARIO GENERAL PROVINCIAL DE PADRE ABAD;2019;HASTA LA ACTUALIDAD
158939;PARTIDO POLÍTICO PERUANOS POR EL KAMBIO;SECRETARIO REGIONAL;2014;2015
159342;PARTIDO POLÍTICO PARTIDO POPULAR CRISTIANO - PPC;SECRETARIO GENERAL REGION UCAYALI;2018;HASTA LA ACTUALIDAD
160281;PARTIDO POLÍTICO UNION POR EL PERU;MIEMBRO TITULAR CDN;2017;HASTA LA ACTUALIDAD
