ID_CANDIDATO;UNIVERSIDAD;CARRERA;CONCLUIDO;BACHILLER;TITULO
159699;UNIVERSIDAD PRIVADA DEL NORTE;INGENIERIA CIVIL;SI;SI;
160516;PONTIFICIA UNIVERSIDAD CATÓLICA DEL PERÚ;DERECHO Y CIENCIAS POLÍTICAS;SI;SI;SI
160517;FEDERICO VILLARREAL;DERECHO;SI;SI;SI
160518;UNIVERSIDAD DE LIMA;DERECHO;NO;;
160519;PONTIFICIA UNIVERSIDAD CATOLICA DEL PERU;DERECHO;SI;SI;SI
160520;UNIVERSIDAD NACIONAL MAYOR DE SAN MARCOS;CIENCIAS BIOLOGICAS;SI;SI;SI
160521;UNIVERSIDAD NACIONAL AGRARIA - LA MOLINA;CIENCIAS AGRARIAS  - AGRONOMIA;SI;SI;NO
160523;INCA GARCILASO DE LA VEGA;ECONOMÍA;SI;SI;SI
160524;INCA GARCILASO DE LA VEGA;CONTABILIDAD;SI;SI;SI
160525;UNIVERSIDAD PARTICULAR SAN MARTIN DE PORRES;DERECHO Y CIENCIAS POLITICAS;SI;SI;SI
160526;ADOLFO IBAÑEZ EN CHILE;INGENIERIA COMERCIAL;SI;;SI
160530;UNIVERSIDAD NACIONAL DE LA AMAZONÍA PERUANA - UNIVERSIDAD PARTICULAR DE IQUITOS;DERECHO Y CIENCIAS POLÍTICAS;SI;SI;SI
160533;UNIVERSIDAD DE SAN MARTIN DE PORRES;DERECHO Y CIENCIAS POLITICAS;SI;SI;NO
160534;JAIME BAUSATE Y MEZA;PERIODISMO;SI;SI;SI
160535;UNIVERSIDAD SAN LUIS GONZAGA DE ICA;INGENIERO PESQUERO;SI;SI;SI
160536;PONTIFICIA UNIVERSIDAD CATÓLICA DEL PERÚ;DERECHO;SI;SI;SI
160537;UNIVERSIDAD PRIVADA SAN PEDRO DE CHIMBOTE;ABOGADA;SI;SI;SI
160538;UNIVERSIDAD  SAN MARTÍN DE PORRES;DERECHO Y CIENCIAS POLITICAS;SI;SI;NO
160538;UNIVERSIDAD SEMINARIO SANTO TORIBIO;FILOSOFÍA;NO;NO;NO
160539;UNIVERSIDAD SAN MARTIN DE PORRES;RELACIONES INDUSTRIALES;SI;SI;NO
160539;UNIVERSIDAD PARTICULAR SAN JUAN BAUTISTA;DERECHO;NO;NO;NO
160540;UNIVERSIDAD SAN MARTIN DE PORRES;DERECHO;SI;SI;SI
160541;SAN MARTIN DE PORRES;PSICOLOGIA;SI;;SI
160542;UNIVERSIDAD SAN MARTÍN DE PORRES;EDUCACIÓN;NO;NO;NO
160543;CESAR VALLEJO;ADMINISTRACION;NO;NO;NO
160544;UNMSM - SAN MARCOS;EDUCACION;SI;SI;SI
160544;UNMSM - SAN MARCOS;EDUCACION;SI;SI;SI
160545;UNIVERSIDAD CIENTÍFICA DEL SUR;INGENIERÍA ECONÓMICA Y DE NEGOCIOS;SI;SI;NO
160546;UNIVERSIDAD NACIONAL DE INGENIERÍA;INGENIERÍA ELECTRÓNICA;SI;SI;SI
160547;ENRIQUE GUZMAN Y VALLE;EDUCACION;SI;SI;SI
160548;PONTIFICIA UNIVERSIDAD CATOLICA DEL PERÚ;DERECHO;SI;NO;SI
158368;UNIVERSIDAD NACIONAL MAYOR DE SAN MARCOS;PSICOLOGIA;SI;SI;SI
158369;UNIVERSIDAD NACIONAL MAYOR DE SAN MARCOS;DERECHO Y CIENCIA POLITICA;SI;SI;SI
158370;UNIVERSIDAD NACIONAL MAYOR DE SAN MARCOS;MEDICINA HUMANA;SI;SI;SI
158371;UNIVERSIDAD NACIONAL MAYOR DE SAN MARCOS;CIENCIA POLITICA;SI;SI;
158372;PONTIFICIA UNIVERSIDAD CATOLICA DEL PERU PUCP;DERECHO;SI;SI;SI
158373;UNIVERSIDAD NACIONAL FEDERICO VILLARREAL;CONTABILIDAD;SI;SI;SI
158374;UNIVERSIDAD NACIONAL MAYOR DE SAN MARCOS;ANTROPOLOGÍA;SI;NO;NO
158375;SAN LUIS GONZACA DE ICA;DERECHO Y CIENCIAS POLITICAS;SI;NO;NO
158377;SAN IGNACIO DE LOYOLA;EDUCACION;SI;SI;SI
158378;UNIVERSIDAD PRIVADA SAN JUAN BAUTISTA;DERECHO;SI;SI;SI
158379;UNIVERSIDAD NACIONAL MAYOR DE SAN MARCOS;SOCIOLOGÍA;SI;SI;SI
158380;UNIVERSIDAD NACIONAL MAYOR DE SAN MARCOS;DERECHO Y CIENCIAS POLÍTICAS;SI;SI;NO
158381;UNIVERSIDAD NACIONAL MAYOR DE SAN MARCOS;SOCIOLOGÍA;SI;SI;SI
158382;UNIVERSIDAD PRIVADA LOS ANDES;INGENIERIA DE SISTEMAS Y COMPUTACIÓN;SI;NO;NO
158383;UNIVERSIDAD PRIVADA DEL NORTE;DERECHO;NO;NO;NO
158384;UNIVERSIDAD ENRIQUE GUZMÁN Y VALLA;EDUCACIÓN;SI;SI;SI
158385;UNIVERSIDAD LA CATOLICA;SOCIOLOGÍA;NO;NO;NO
158386;UNIVERSIDAD NACIONAL FEDERICO VILLARREAL;DERECHO Y CIENCIAS POLÍTICAS;SI;SI;SI
158389;UNIVERSIDAD NACIONAL MAYOR DE SAN MARCOS;SOCIOLOGIA;SI;SI;NO
158393;UNIVERSIDAD NACIONAL MAYOR DE SAN MARCOS;DERECHO Y CIENCIAS POLITICAS;NO;NO;NO
158395;UNIVERSIDAD NACIONAL MAYOR DE SAN MARCOS;SOCIOLOGÍA;SI;SI;SI
158396;UNIVERSIDAD LAS AMERICAS;DERECHO;SI;SI;NO
158397;UNIVERSIDAD FEDERICO VILLARREAL;DERECHO;SI;SI;SI
158398;UNIVERSIDAD INCA GARCILAZO DE LA VEGA;INGENIERIA ADMINISTRATIVA;SI;SI;SI
158400;UNIVERSIDAD NACIONAL MAYOR DE SAN MARCOS;DERECHO Y CIENCIAS POLÍTICAS;SI;SI;SI
158402;UNIVERSIDAD PRIVADA TELESUP;ARQUITECTURA Y URBANISMO;SI;SI;NO
158403;UNIVERSIDAD NACIONAL MAYOR DE SAN MARCOS;DERECHO Y CIENCIAS POLÍTICAS;SI;SI;SI
160597;PONTIFICIA UNIVERSIDAD CATOLICA DEL PERU;DERECHO;SI;SI;SI
160598;UNIVERSIDAD NACIONAL FEDEREICO VILLARREAL;CIENCIAS FINANCIERAS Y CONTABLES;SI;SI;SI
160599;PONTIFICIA UNIVERSIDAD CATÓLICA DEL PERÚ;DERECHO;SI;SI;NO
160600;UNIVERSIDAD NACIONAL FEDERICO VILLARREAL;CIENCIAS POLITICAS;SI;SI;SI
160602;PONTIFICIA UNIVERSIDAD CATOLICA DEL PERU;CIENCIA POLITICA Y GOBIERNO;SI;SI;NO
160603;UNIVERSIDAD INCA GARCILASO DE LA VEGA;DERECHO Y CIENCIAS POLÍTICAS;SI;SI;SI
160604;UNIVERSIDAD PRIVADA TELESUP;DERECHO CORPORATIVO;NO;NO;NO
160605;UNIVERSIDAD TECNOLÓGICA DEL PERÚ;ADMINISTRACIÓN DE NEGOCIOS INTERNACIONALES;SI;SI;NO
160606;UNIVERSIDAD NACIONAL FEDERICO VILLARREAL;;SI;SI;SI
160608;UNIVERSIDAD ALAS PERUANAS;DERECHO;SI;SI;SI
160609;UNIVERSIDAD NACIONAL FEDERICO VILLARREAL;DERECHO Y CIENCIA POLITICAS;SI;SI;SI
160609;UNIVERSIDAD NACIONAL FEDERICO VILLARREAL;DERECHO Y CIENCIA POLITICAS;SI;SI;SI
160611;UNIVERSIDAD DE SAN MARTIN DE PORRES;DERECHO;SI;SI;SI
160611;PONTIFICIA UNIVERSIDAD CATOLICA DEL PERU;ECONOMIA;NO;NO;NO
160612;UNIVERSIDAD NACIONAL FEDERICO VILLARREAL;ADMINISTRACION;SI;SI;SI
160613;UNIVERSIDAD NACIONAL SAN LUIS GONZAGA DE ICA;RELACIONES PUBLICAS;SI;SI;SI
160614;UNIVERSIDAD NACIONAL FEDERICO VILLARREAL;MEDICINA HUMANA;SI;SI;SI
160615;UNIVERSIDAD NACIONAL FEDERICO VILLARREAL;DERECHO Y CIENCIAS POLÍTICAS;NO;NO;NO
160615;UNIVERSIDAD NACIONAL FEDERICO VILLARREAL;SOCIOLOGIA;NO;NO;NO
160617;UNIVERSIDAD NACIONAL DE TRUJILLO;ECONOMIA;SI;SI;SI
160618;UNIVERSIDAD SAN IGNACIO DE LOYOLA;ADMINISTRACIÓN EN TURISMO;SI;SI;SI
160621;UNIVERSIDAD JOSE CARLOS MARIATEGUI;INGENIERIA DE SISTEMAS E INFORMATICA;SI;SI;NO
160623;UNIVERSIDAD INCA GARCILASO DE LA VEGA;EDUCACION;SI;SI;NO
160624;UNIVESIDAD INCA GARCILASO DE LA VEGA;DERECHO Y CIENCIAS POLITICAS;SI;SI;SI
160626;UNIVERSIDAD NACIONAL FEDERICO VILLARREAL;DERECHO Y CIENCIA POLITICAS;SI;SI;SI
160628;UNIVERSIDAD CATOLICA LOS ANGELES DE CHIMBOTE;DERECHO Y CIENCIAS POLITICA;NO;;
160630;UNIVERSIDAD INCA GARCILASO DE LA VEGA;DERECHO;NO;SI;SI
160630;UNIVERSIDAD SAN MARTIN DE PORRES;RELACIONES INDUSTRIALES;SI;SI;SI
160631;UNIVERSIDAD NACIONAL FEDERICO VILLARREAL;EDUCACION FISICA;NO;NO;
160631;UNIVERSIDAD NACIONAL DANIEL ALCIDES CARRION;GESTION PUBLICA;NO;NO;
160632;UNIVERSIDAD NACIONAL FEDERICO VILLARREAL;INGENIERIA INDUSTRIAL;SI;SI;SI
159889;UNIVERSIDAD INCA GARCILAZO DE LA VEGA;DERECHO;SI;NO;NO
159891;UNIVERSIDAD DE LIMA;DERECHO;SI;SI;SI
159892;UNIVERSIDAD NACIONAL FEDERICO VILLARREAL;INGENIERIA INDUSTRIAL;SI;SI;SI
159892;UNIVERSIDAD INCA GARCILAZO DE LA VEGA;DERECHO Y CIENCIAS POLITICAS;SI;SI;SI
159893;UNIVERSIDAD NACIONAL FEDERICO VILLARREAL;CIENCIAS POLITICAS;SI;SI;SI
159894;SAN MARTIN DE PORRES;DERECHO Y CIENCIAS POLITICAS;SI;SI;SI
159895;SAN MARTIN DE PORRES;DERECHO Y CIENCIAS POLÍTICAS;SI;SI;SI
159896;PONTIFICIA UNIVERSIDAD CATOLICA DEL PERU;LETRAS Y CIENCIAS HUMANAS - HISTORIA;SI;SI;NO
159896;UNIVERSIDAD DE LIMA;DERECHO;NO;;
159897;INCA GARCILAZO DE LA VEGA;DERECHO Y CIENCIAS POLITICAS;SI;SI;SI
159898;SAN IGNACIO DE LOYOLA;ADMINISTRACION;SI;SI;NO
159899;ALAS PERUANAS;DERECHO;SI;SI;SI
159900;SAN MARTIN DE PORRES;DERECHO;SI;SI;SI
159901;FACULTAD DE TEOLOGIA PONTIFICIA Y CIVIL DE LIMA;FILOSOFIA;NO;NO;NO
159901;UNIVERSIDAD DE LIMA;DERECHO Y CIENCIAS POLITICAS;NO;NO;NO
159902;UNIVERSIDAD GARCILAZO DE LA VEGA;DERECHO Y CIENCIAS POLITICAS;SI;SI;SI
159902;UNIVERSIDAD LA CATOLICA DEL PERU UPCP;GESTION Y ALTA DIRECCION;NO;NO;NO
159903;UNIVERSIDAD MAYOR DE SAN MARCOS;DERECHO Y CIENCIA POLITICA;SI;SI;SI
159904;UNIVERSIDAD PRIVADA SAN JUAN BAUTISTA;DERECHO;SI;SI;SI
159905;SAN MARTIN;MEDICO CIRUJANO;SI;SI;SI
159906;UNIVERSIDAD CAYETANO HEREDIA;MEDICINA HUMANA;NO;;
159907;UNIVERSIDAD DE SAN MARTIN DE PORRES;ABOGADO;SI;SI;SI
159907;UNIVERSIDAD INCA GARCILAZO DE LA VEGA;RELACIONES INTERNACIONALES Y NEGOCIACIONES;SI;SI;NO
159908;UNIVERSIDAD FEDERICO VILLARREAL;CIENCIAS ECONOMICAS;SI;SI;NO
159908;UNIVERSIDAD JOSE FAUSTINO SANCHEZ CARRION;ECONOMISTA;NO;NO;SI
159910;UNIVERSIDAD SAN MARTIN DE PORRES;DERECHO Y CIENCIAS POLÍTICAS;SI;SI;SI
159911;INCA GARCILAZO DE LA VEGA;ADMINISTRACION DE EMPRESAS;NO;NO;NO
159914;SAN ANTONIO ABAD DEL CUZCO;CONTABILIDAD;SI;SI;SI
159915;UNIVERSIDAD PERUANA DE INTEGRACION GLOBAL;MARKETING Y NEGOCIOS INTERNACIONALES;SI;SI;NO
159916;SAN JUAN BAUTISTA;DERECHO;SI;SI;SI
159918;UNIVERSIDAD NACIONAL FEDERICO VILLARREAL;HISTORIA Y GEOGRAFIA;SI;SI;SI
159923;UNIVERSIDAD PRIVADA SAN JUAN BAUTISTA;CIENCIAS DE LA COMUNICACIÓN;SI;SI;SI
159924;UNIVERSIDAD NACIONAL FEDERICO VILLARREAL;EDUCACION - LENGUAJE Y LITERATURA;NO;NO;NO
161412;UNIVERSIDAD NACIONAL DE INGENIERÍA;INGENIERÍA INDUSTRIAL;SI;SI;SI
161413;PONITIFICIA UNIVERSIDAD CATOLICA DEL PERU;DERECHO;SI;SI;SI
161414;ESCUELA MILITAR DE CHORRILLOS;OFICIAL DEL EJERCITO;SI;NO;SI
161414;ESCUELA SUPERIOR TÉCNICA DEL EJERCITO;ING MECÁNICA DE AUTOMOTORES;SI;SI;NO
161415;UNIVERSIDAD DE LIMA;DERECHO;SI;SI;SI
161416;UNIVERSIDAD NACIONAL SAN AGUSTÍN;EDUCACIÓN;SI;SI;SI
161417;PONTIFICIA UNIVERSIDAD CATÓLICA DEL PERÚ;DERECHO;SI;SI;SI
161418;PONTIFICIA UNIVERSIDAD CATÓLICA DEL PERÚ;DERECHO;SI;SI;SI
161419;PONTIFICIA UNIVERSIDAD CATÓLICA DEL PERÚ;FILOSOFÍA;SI;SI;NO
161419;UNIVERSIDAD CATÓLICA DE LOVAINA BÉLGICA;FILOSOFÍA;SI;NO;SI
161420;UNIVERSIDAD NACIONAL MAYOR DE SAN MARCOS;DERECHO Y CIENCIAS POLÍTICAS;SI;SI;SI
161421;LAFAYETTE COLLEGE;CIENCIAS POLITICAS Y RELACIONES INTERNACIONALES;SI;SI;SI
161422;UNIVERSIDAD NACIONAL SAN LUIS GONZAGA DE ICA;MEDICINA HUMANA;SI;SI;SI
161423;UNIVERSIDAD NACIONAL MAYOR DE SAN MARCOS;SOCIOLOGÍA;SI;SI;SI
161424;UNIVERSIDAD NACIONAL MAYOR DE SAN MARCOS;DERECHO;SI;SI;SI
161425;UNIVERSIDAD NACIONAL FEDERICO VILLARREAL;ESTOMATOLOGÍA;SI;SI;SI
161427;PONTIFICIA UNIVERSIDAD CATÓLICA DEL PERÚ;ECONOMIA;SI;SI;NO
161428;UNIVERSIDAD NACIONAL MAYOR DE SAN MARCOS;ANTROPOLOGÍA;SI;SI;SI
161429;UNIVERSIDAD NACIONAL DE INGENIERÍA;INGENIERÍA QUÍMICA;NO;NO;NO
161430;UNIVERSIDAD ALAS PERUANAS;DERECHO Y CIENCIA POLÍTICA;SI;SI;SI
161431;UNIVERSIDAD DE LIMA;DERECHO;SI;SI;NO
161432;UNIVERSIDAD INCA GARCILASO DE LA VEGA;ADMINISTRACIÓN;SI;SI;SI
161433;UNIVERSIDAD NACIONAL MAYOR DE SAN MARCOS;ADMINISTRACIÓN DE TURISMO;SI;SI;SI
161434;UNIVERSIDAD DE LIMA;ADMINISTRACIÓN;SI;SI;SI
161435;PONTIFICIA UNIVERSIDAD CATÓLICA DEL PERÚ;CIENCIA POLÍTICA Y GOBIERNO;SI;SI;SI
161436;UNIVERSIDAD PRIVADA SAN JUAN BAUTISTA;MEDICINA HUMANA;NO;NO;NO
161436;UNIVERSIDAD PRIVADA SAN JUAN BAUTISTA;ADMINISTRACIÓN DE NEGOCIOS;NO;NO;NO
161437;UNIVERSIDAD SAN MARTÍN DE PORRES;ADMINISTRACIÓN DE NEGOCIOS INTERNACIONALES;NO;NO;NO
161439;UNIVERSIDAD NACIONAL MAYOR DE SAN MARCOS;EDUCACIÓN;SI;SI;SI
161439;UNIVERSIDAD NACIONAL FEDERICO VILLARREAL;ADMINISTRACIÓN DE EMPRESAS;NO;NO;NO
161440;UNIVERSIDAD NACIONAL FEDERICO VILLARREAL;ECONOMÍA;SI;SI;SI
161441;UNIVERSIDAD   NACIONAL DE SAN ANTONIO ABAD DEL CUSCO;CONTABILIDAD;SI;SI;SI
161441;UNIVERSIDAD ALAS PERUANAS;DERECHO Y CIENCIAS POLÍTICAS;SI;SI;SI
161442;UNIVERSIDAD NACIONAL TECNOLÓGICA DE LIMA SUR;ADMINISTRACIÓN DE EMPRESAS;SI;SI;SI
161443;UNIVERSIDAD NACIONAL SAN CRISTOBAL DE HUAMANGA;CIENCIAS BIOLÓGICAS;NO;NO;NO
161443;UNIVERSIDAD PERUANA LOS ANDES DE HUANCAYO;DERECHO Y CIENCIAS POLÍTICAS;NO;NO;NO
161444;UNIVERSIDAD SAN IGNACIO DE LOYOLA;ADMINISTRACION DE EMPRESAS;SI;SI;NO
161445;UNIVERSIDAD NACIONAL DE INGENIERIA;INGENIERIA DE SISTEMAS;SI;SI;SI
161446;UNIVERSIDAD NACIONAL DE INGENIERÍA;INGENIERÍA TEXTIL;SI;NO;NO
161447;UNIVERSIDAD NACIONAL MAYOR DE SAN MARCOS;NUTRICIÓN;SI;SI;SI
161192;UNIVERSIDAD NACIONAL FEDERICO VILLARREAL;INGENIERÍA INDUSTRIAL;SI;SI;SI
161193;UNIVERSIDAD SAN MARTIN DE PORRES;DERECHO;SI;SI;SI
161194;INCA GARCILAZO DE LA VEGA;CIENCIAS ECONOMICAS;NO;NO;NO
161196;UNIVERSIDAD SAN MARTIN DE PORRES;DERECHO Y CIENCIAS POLÍTICAS;SI;SI;SI
161197;UNIVERSIDAD DE LIMA;DERECHO;SI;SI;SI
161199;UNIVERSIDAD DE PIURA;DERECHO;SI;SI;SI
161200;UNIVERSIDAD DE SAN MARTÍN DE PORRES;DERECHO Y CIENCIA POLÍTICA;SI;SI;SI
161202;UNIVERSIDAD DE LIMA;DERECHO Y CIENCIAS POLITICAS;SI;SI;SI
161203;SIMON BOLIVAR;CIENCIAS DE LA COMUNICACIÓN Y PUBLICIDAD;SI;NO;NO
161204;UNIVERSIDAD INCA GARCILASO DE LA VEGA;EDUCACIÓN;NO;NO;NO
161205;UNIVERSIDAD SAN MARTIN DE PORRES;DERECHO;SI;SI;SI
161206;UNIVERSIDAD CIENTÍFICA DEL SUR;ADMINISTRACIÓN DE NEGOCIOS INTERNACIONALES;SI;NO;NO
161207;UNIVERSIDAD SAN MARTIN DE PORRES;DERECHO Y CIENCIAS POLÍTICAS;SI;SI;SI
161208;UNIVERSIDAD DE CIENCIAS APLICADAS;;NO;;
161209;UNIVERSIDAD NACIONAL FEDERICO  VILLAREAL;INGENIERÍA INDUSTRIAL;SI;SI;SI
161210;SAN MARTIN DE PORRES;DERECHO;SI;SI;SI
161211;UNIVERSIDAD DEL SALVADOR  BUENOS AIRES ARGENTINA;CIENCIAS POLITICAS;NO;NO;NO
161212;UNIVERSIDAD NACIONAL MAYOR DE SAN MARCOS;MEDICINA;SI;SI;SI
161214;UNIVERSIDAD SAN IGNACIO DE LOYOLA;ADMINISTRACIÓN HOTELERA;SI;SI;NO
161215;UNIVERSIDAD TECNOLÓGICA DEL PERÚ;ADMINISTRACIÓN DE NEGOCIOS INTERNACIONALES;SI;SI;SI
161216;PONTIFICI UNIVERSIDAD CATOLICA DEL PERU;GESTION Y ALTA DIRECCION;NO;;
161217;PONTIFICIA UNIVERSIDAD CATOLICA DEL PERU;PSICOLOGIA;SI;SI;NO
161220;UNIVERSIDAD NACIONAL FEDERICO VILLAREAL;ENFERMERIA;SI;SI;SI
161222;UNIVERSIDAD SAN MARTIN DE PORRES;INGENIERIA DE COMPUTACION Y SISTEMAS;SI;SI;SI
161223;SAN MARTIN DE PORRES;CIENCIAS DE LA COMUNICACIÓN;SI;SI;SI
161225;UNIVERSIDAD DE LIMA;ADMINISTRACIÓN DE EMPRESAS;SI;SI;
161227;ESCUELA MILITAR DE CHORRILLOS;CIENCIAS MILITARES;SI;SI;SI
161227;SEÑOR DE SIPÁN;ADMINISTRACIÓN;SI;SI;SI
161227;UNIVERISDAD SEÑOR DE SIPAN;ADMINISTRACION;SI;SI;SI
160240;PONTIFICIA UNIVERSIDAD CATOLICA DEL PERU - PUCP;SOCIOLOGIA;SI;SI;SI
160241;INCA GARCILAZO DE LA VEGA;DERECHO Y CIENCIAS POLITICAS;SI;;SI
160242;SAN MARTIN DE PORRES;DERECHO  Y CIENCIA POLITICA;SI;SI;SI
160243;UNIVERSIDAD NACIONAL FEDERICO VILLARREAL;HISTORIA;SI;SI;SI
160244;UNIVERSIDAD METROPOLITANA DE CARACAS - VENEZUELA;INGENIERIA MECANICA;SI;SI;SI
160245;UNIVERSIDAD SAN MARTIN DE PORRES;ADMINISTRACION DE NEGOCIOS INTERNACIONLES;NO;NO;NO
160246;UNIVERSIDAD PRIVADA SAN JUAN BAUTISTA;DERECHO Y CIENCIAS POLITICAS;SI;SI;SI
160247;UNIVERSIDAD PERUANA LOS ANDES;ADMINISTRACION Y SISTEMAS;SI;SI;NO
160247;UNIVERSIDAD INCA GARCILAZO DE LA VEGA;ADMINISTRACION;SI;NO;SI
160248;UNIVERSIDAD NACIONAL SAN ANTONIO DEL CUSCO;DERECHO;SI;SI;SI
160249;TELESUP;ADMINISTRACIÓN;SI;SI;NO
160250;INCA GARCILASO DE LA VEGA;DERECHO;NO;NO;NO
160251;UNIVERSIDA NACIONAL ALTIPLANO - PUNO - UNA;CIENCIAS DE LA COMUNICACION;SI;SI;NO
160251;UNIVERSIDAD PERUANA LOS ANDES;DERECHO Y CIENCIAS POLITICAS;SI;;
160252;JOSE CARLOS MARIATEGUI;DERECHO;SI;NO;NO
160253;UNIVERSIDAD SAN MARTIN DE PORRES;SOCIOLOGIA;NO;NO;NO
160254;UNIVERSIDAD NACIONAL FEDERICO VILLARREAL;DERECHO Y CIENCIAS POLITICAS;SI;SI;SI
160255;UNIVERSIDAD NACIONAL MAYOR DE SAN MARCOS;ARQUEOLOGIA CON MENCION EN CIENCIAS SOCIALES;SI;SI;SI
160257;ENRIQUE GUZMAN Y VALLE;LICENCIADO EN EDUCACION;SI;SI;SI
160258;UNIVERSIDAD NACIONAL FEDERICO VILLARREAL;EDUCACION MATEMATICA - FISICA;SI;SI;SI
160260;UNIVERSIDAD NACIONAL MAYOR DE SAN MARCOS;GEOGRAFIA;SI;SI;NO
160261;UNIVERSIDAD NACIONAL JOSE FAUSTINO SANCHEZ CARRION;TRABAJO SOCIAL;SI;SI;SI
160261;UNIVERSIDAD TECNOLOGICA DEL PERU;DERECHO;NO;NO;NO
160262;UNIVERSIDAD NACIONAL DE SAN CRISTOBAL DE HUAMANGA;AGRONOMIA;NO;NO;NO
160264;CESAR VALLEJO;DERECHO;NO;NO;NO
160265;INCA GARCILAZO DE LA VEGA;LICENCIADO EN EDUCACION;SI;SI;SI
160266;UNIVERSIDAD NACIONAL DANIEL ALCIDES CARRION;EDUCACION;SI;SI;SI
160267;UNIVERSIDAD NACIONAL DE EDUCACION ENRIQUE GUZMAN Y VALLE;EDUCACION;SI;SI;SI
160268;INCA GARCILAZO DE LA VEGA;ESTOMATOLOGIA;SI;SI;SI
160270;UNIVERSIDAD NACIONAL DE EDUCACION ENRIQUE GUZMAN Y VALLE;LICENCIADA EN EDUCACION;SI;SI;SI
160270;INCA GARCILAZO DE LA VEGA;ABOGADO;SI;NO;SI
159241;PONTIFICIA UNIVERSIDAD CATOLICA DEL PERU;DERECHO;SI;SI;SI
159243;UNIVERSIDAD SAN MARTIN DE PORRES;DERECHO Y CIENCIAS POLITICAS;SI;NO;NO
159243;UNIVERSIDAD PRIVADA TELESUP SAC;BACHILLER EN DERECHO CORPORATIVO;SI;SI;NO
159244;UNIVERSIDAD SAN MARTIN DE PORRES;CIENCIAS DE LA COMUNICACION;NO;;
159245;UNIVERSIDAD DE LIMA;CONTABILIDAD;SI;SI;SI
159247;UNIVERSIDAD DE LIMA;ADMINISTRACION DE EMPRESAS;NO;NO;NO
159249;ESCUELA MILITAR DE CHORRILLOS;CIENCIAS MILITARES;SI;SI;
159250;UNIVERSIDAD CESAR VALLEJO;INGENIERIA INDUSTRIAL;SI;SI;SI
159251;UNIVERSIDAD DE SAN MARTÍN DE PORRES;DERECHO Y CIENCIAS POLÍTICAS;SI;SI;SI
159252;UNIVERSIDAD DE SAN MARTIN DE PORRES;DERECHO Y CIENCIAS POLÍTICAS;SI;SI;SI
159253;UNIVERSIDAD DE SAN MARTIN DE PORRES;DERECHO;SI;SI;SI
159255;UNIVERSIDAD NACIONAL FEDERICO VILLARREAL;ADMINISTRACIÓN;NO;NO;NO
159256;UNIVERSIDAD DE LIMA;INGENIERÍA INDUSTRIAL;SI;SI;NO
159257;INCA GARCILAZO DE LA VEGA;DERECHO;SI;SI;SI
159257;UNIVERSIDAD TECNOLÓGICA DEL PERU;INGENIERÍA DE SISTEMAS;SI;SI;SI
159260;INCA GARCILAZO DE LA VEGA;CIENCIAS DE LA COMUNICACIÓN;SI;SI;SI
159262;UNIVERSIDAD SAN MARTIN DE PORRES;DERECHO Y CIENCIA POLITICA;SI;SI;SI
159263;UNIVERSIDAD DE LIMA;DERECHO Y CIENCIAS POLITICAS;SI;SI;SI
159264;UNIVERSIDAD NACIONAL MAYOR DE SAN MARCOS;TRABAJO SOCIAL;SI;SI;SI
159264;UNIVERSIDAD NACIONAL MAYOR DE SAN MARCOS;DERECHO;SI;SI;SI
159265;UNIVERSIDAD DE LIMA;CIENCIAS DE LA COMUNICACIÓN;SI;SI;SI
159265;UNIVERSIDAD TECNOLÓGICA DEL PERÚ;DERECHO;NO;NO;NO
159266;UNIVERSIDAD NACIONAL FEDERICO VILLAREAL;QUIMICA;SI;SI;SI
159267;PONTIFICIA UNIVERSIDAD CATOLICA DEL PERU;DERECHO;SI;SI;SI
159268;UNIVERSIDAD CATOLICA SEDE SAPIENTAEI;PSICOLOGIA;SI;SI;SI
159268;UNIVERSIDAD NACIONAL MAYOR DE SAN MARCOS;EDUCACION;SI;SI;NO
159269;UNIVERSIDAD RICARDO PALMA;INGENIERIA INDUSTRIAL;SI;SI;NO
159270;UNIVERSIDAD NACIONAL DE INGENIERÍA;;SI;SI;SI
159271;UNIVERSIDAD NACIONAL FEDERICO VILLAREAL;BACHILLER EN TECNOLOGIA MEDICA;SI;SI;NO
159272;UNVERSIDAD DE SAN MARTIN DE PORRES;CIENCIAS DE LA COMUNICACION;SI;SI;SI
159274;UNIVERSIDAD NACIONAL MAYOR DE SAN MARCOS;BIBLIOTECOLOGIA Y CIENCIAS DE LA INFORMACION;SI;SI;SI
159275;UNIVERSIDAD ALAS PERUANAS;DERECHO;SI;SI;NO
160864;UNIVERSIDAD NACIONAL MAYOR DE SAN MARCOS;DERECHO;SI;SI;SI
160865;UNIVERSIDAD PRIVADA CESAR VALLEJO;DERECHO;SI;SI;SI
160866;UNIVERSIDAD RICARDO PALMA;CIENCIAS ECONOMICAS Y CONTABLES;SI;SI;NO
160867;UNIVERSIDAD PARTICULAR INCA GARCILASO DE LA VEGA;SOCIOLOGIA;SI;SI;
160874;UNIVERSIDAD CESAR VALLEJO;ARQUITECTURA;SI;SI;NO
160875;UNIVERSIDAD PERUANA DE CIENCIAS E INFORMATICA UPCI;DERECHO Y CIENCIAS POLITICAS;NO;;
160879;UNIVERSIDAD PARTICULAR INCA GARCILASO DE LA VEGA;CIENCIAS CONTABLES Y FINANZAS CORPORATIVAS;SI;SI;SI
160880;UNIVERSIDAD RICARDO PALMA;ARQUITECTURA;SI;SI;SI
160881;UNIVERSIDAD INCA GARCILASO DE LA VEGA;EDUCACION;SI;SI;SI
160881;UNIVERSIDAD TECNOLOGICA DEL PERU;;SI;SI;NO
160883;UNIVERSIDAD LAS AMERICAS;DERECHO;SI;SI;SI
160884;UNIVERSIDAD JAIME BAUZATE Y MEZA;PERIODISMO;SI;NO;NO
160893;UNIVERSIDAD NACIONAL MAYOR DE SAN MARCOS;ESTADISTICA;SI;SI;SI
160896;UNIVERSIDAD NACIONAL FEDERICO VILLAREAL;DERECHO;SI;SI;SI
160897;UNIVERSIDAD SAN IGNACIO DE LOYOLA;CIENCIAS DE LA COMUNICACION;SI;NO;NO
159929;UNIVERSIDAD DE SAN MARTIN DE PORRES;CIENCIAS DE LA COMUNICACION;NO;NO;NO
159929;UNIVERSIDAD DE SAN MARTIN DE PORRES;DERECHO;NO;NO;NO
159930;UNIVERSIDAD NACIONAL MAYOR DE SAN MARCOS;DERECHO Y CIENCIAS POLITICAS;SI;SI;SI
159931;UNIVERSIDAD NACIONAL MAYOR DE SAN MARCOS;CONTABILIDAD;NO;NO;NO
159932;UNIVERSIDAD INCA GARCILAZO DE LA VEGA;CIENCIAS ADMINISTRATIVAS;NO;NO;NO
159933;UNIVERSIDAD DE LIMA;INGENIERÍA METALURGICA Y SIDERURGICA;SI;SI;NO
159934;UNIVERSIDAD DE LIMA;DERECHO Y CIENCIAS POLITICAS;SI;SI;SI
159934;ESAN;FINANZAS Y DERECHO EMPRESARIAL;SI;SI;NO
159936;UNIVERSIDAD DEL PACIFICO;ECONOMIA;NO;NO;NO
159936;BIRKBECK COLLEGE UNIVERSITY OF LONDOM;ECONOMIA;SI;NO;NO
159937;ESCUELA NAVAL DEL PERU;OFICIAL DE LA MARINA DE GUERRA ALFEREZ DE FRAGATA;SI;SI;SI
159938;PONTIFICIA UNIVERSIDAD CATOLICA DEL PERU;DERECHO;SI;SI;SI
159939;UNIVERSIDAD DE LIMA;ECONOMIA;NO;NO;NO
159939;LYNN UNIVERSITY;NEGOCIOS INTERNACIONALES;NO;NO;NO
159940;UNIVERSIDAD NACIONAL AGRARIA LA MOLINA;INGENIERIA FORESTAL;SI;SI;SI
159941;PONTIFICIA UNIVERSIDAD CATOLICA DEL PERU;INGENIERIA ELECTRONICA;SI;SI;SI
159943;UNIVERSIDAD DE SAN MARTIN DE PORRES;DERECHO;SI;SI;NO
159944;UNIVERSIDAD DE SAN MARTIN DE PORRES;DERECHO Y CIENCIAS POLITICAS;SI;SI;SI
159945;UNIVERSIDAD NACIONAL DE INGENIERIA;INGENIERIA INDUSTRIAL DE SISTEMAS;SI;SI;NO
159946;UNIVERSIDAD RICARDO PALMA;ADMINISTRACION DE EMPRESAS;NO;NO;NO
159946;UNIVERSIDAD CIENTIFICA DEL SUR;INGENIERIA ECONOMICA;NO;NO;NO
159947;UNIVERSIDAD DE SAN MARTIN DE PORRES;DERECHO;SI;SI;NO
159950;UNIVERSIDAD FEMENINA SAGRADO CORAZON UNIFE;ADMINISTRACION DE NEGOCIOS INTERANCIONALES;SI;SI;NO
159953;UNIFE;PSICOLOGIA Y HUMANIDADES;SI;SI;SI
159954;UNIVERSIDAD MAYOR DE SAN MARCOS;CONTADOR PUBLICO;SI;SI;SI
159955;UNIVERSIDAD PRIVADA DEL NORTE;COMUNICACION Y PUBLICIDAD;NO;NO;NO
159956;UNIVERSIDAD CATOLICA DE SANTA MARIA;CIENCIAS DE LA COMUNICACION SOCIAL;SI;SI;SI
159957;UNIVERSIDAD DE LIMA;MARKETING;SI;NO;NO
159960;UNIVERSIDAD ALAS PERUANAS;DERECHO;SI;SI;SI
159961;PRIVADA TELESUP;DERECHO CORPORATIVO;SI;NO;NO
159962;UNIVERSIDAD SAN MARTIN DE PORRES;DERECHO Y CIENCIAS POLITICAS;SI;SI;SI
159963;UNIVERSIDAD ALAS PERUANAS;INGENIERIA DE RECURSOS NATURALEZ Y ENERGIAS RENOVABLES;SI;SI;SI
161036;UNIVERSIDAD PRIVADA TELESUP;ADMINISTRACIÓN DE NEGOCIOS;SI;SI;SI
161037;UNIVERSIDAD NACIONAL DE INGENIERÍA;INGENIERÍA ELÉCTRICA;SI;SI;NO
161037;UNIVERSIDAD PRIVADA DEL NORTE;DERECHO;NO;NO;NO
161038;UNIVERSIDAD PERUANA CAYETANO HEREDIA;MEDICINA HUMANA;SI;SI;SI
161038;UNIVERSIDAD PERUANA CAYETANO HEREDIA;ESPECIALIDAD EN GINECOLOGIA Y OBSTETRICIA;SI;NO;SI
161039;UNIVERSIDAD INCA GARCILASO DE LA VEGA;DERECHO Y CIENCIAS POLÍTICAS;SI;SI;SI
161041;PONTIFICIA UNIVERSIDAD CATÓLICA DEL PERÚ;CONTABILIDAD;NO;NO;NO
161042;UNIVERSIDAD NACIONAL MAYOR DE SAN MARCOS;TECNOLOGÍA MÉDICA;SI;SI;SI
161043;UNIVERSIDAD RICARDO PALMA;ADMINISTRACIÓN;SI;SI;NO
161043;UNIVERSIDAD INCA GARCILASO DE LA VEGA;DERECHO Y CIENCIAS POLITICAS;NO;NO;NO
161044;INCA GARCILASO DE LA VEGA;DERECHO Y CIENCIA POLÍTICA;NO;NO;NO
161047;UNIVERSIDAD NACIONAL MAYOR DE SAN MARCOS;CIENCIA POLÍTICA;SI;SI;NO
161049;UNIVERSIDAD NACIONAL DE PIURA;CIENCIAS DE LA COMUNICACIÓN SOCIAL;SI;SI;SI
161051;UNIVERSIDAD NACIONAL MAYOR DE SAN MARCOS;EDUCACION;SI;SI;SI
161052;ALAS PERUANAS;INGENIERIA DE SISTEMAS E INFORMÁTICA;SI;SI;SI
161053;AMISTAD DE LOS PUEBLOS PATRICIO LUMUMBA - RUSIA;MEDICINA HUMANA;SI;;SI
161054;SAN JUAN BAUTISTA;MEDICINA HUMANA;NO;NO;NO
161055;UNIVERSIDAD SAN MARTIN DE PORRES;DERECHO;SI;SI;SI
161056;INCA GARCILASO DE LA VEGA;DERECHO;NO;;
161057;PONTIFICIA UNIVERSIDAD CATÓLICA DEL PERÚ;EDUCACIÓN;SI;SI;SI
161058;UNIVERSIDAD DE LIMA;COMUNICACIÓN;SI;SI;NO
161059;SAN MARTIN DE PORRES;DERECHO Y CIENCIAS POLITICAS;SI;SI;SI
161061;UNIVERSIDAD PRIVADA JUAN PABLO II;ESTOMATOLOGÍA;NO;NO;NO
161062;UNIVERSIDAD NACIONAL MAYOR DE SAN MARCOS;ECONOMÍA;SI;SI;SI
161064;UNIVERSIDAD PRIVADA TELESUP;ADMINISTRACIÓN - FINANZAS Y NEGOCIOS GLOBALES;NO;NO;NO
161065;UNIVERSIDAD NACIONAL DE SAN ANTONIO ABAD DEL CUSCO;LETRAS;NO;NO;NO
161066;UNIVERSIDAD NACIONAL DEL CALLAO;INGENIERÍA QUÍMICA;SI;SI;SI
161069;UNIVERSIDAD SAN MARTÍN DE PORRES;DERECHO Y CIENCIAS POLÍTICAS;SI;SI;SI
160355;UNIVERSIDAD INCA GARCILASO DE LA VEGA ASOCIACIÓN CIVIL;ECONOMIA;SI;SI;NO
160356;UNIVERSIDAD NACIONAL DEL CALLAO;INGIENERIA MECANICA;NO;NO;NO
160357;INSTITUTO PEDAGÓGICO NACIONAL DE MONTERRICO;EDUCACION;SI;SI;SI
160358;FEDERICO VILLAREAL;ECONOMIA;SI;SI;SI
160359;UNIVERSIDAD ESAN;ADMINISTRACIÓN Y MARKETING;;SI;NO
160360;SAN MARTIN DE PORRES;DERECHO Y CIENCIA POLITICAS;SI;SI;SI
160361;CATOLICA LOS ANGELES CHIMBOTE;COTADOR PUBLICO;SI;SI;NO
160362;SAN MARTIN DE PORRES;DERECHO Y CIENCIA POLITICA;SI;SI;SI
160364;UNIVERSIDAD INCA GARCILASO DE LA VEGA;DERECHO;SI;SI;NO
160365;UNIVERSIDAD RICARDO PALMA;;SI;SI;SI
160366;INCA GARCILAZO DE LA VEGA;DERECHO Y CIENCIAS POLITICAS;SI;SI;NO
160367;PERUANA LOS ANDES;CIRUJANO DENTISTA;SI;SI;SI
160368;UNIVERSIDAD NACIONAL DEL CENTRO DEL PERÚ;INGENIERÍA METALÚRGICA Y DE MATERIALES;SI;SI;SI
160369;UNIVERSIDAD NACIONAL DE TRUJILLO;CIENCIAS MATEMATICAS;SI;SI;SI
160371;INCA GARCILAZO DE LA VEGA;DERECHO;NO;NO;NO
160376;JOSE CARLOS MARIATEGUI;DERECHO;SI;SI;SI
160379;INCA GARCILASO DE LA VEGA;DERECHO;SI;SI;SI
160380;INCA GARCILASO DE LA VEGA;ABOGADO;SI;SI;SI
160381;PONTIFICIA UNIVERSIDAD CATOLICA DEL PERU;DERECHO;SI;SI;SI
160382;PERUANAS DE CIENCIAS APLICADAS SAC;;SI;SI;SI
160383;UNIVERSIDAD SAN MARTIN DE PORRES;CIENCIAS DE LA COMUNICACION;SI;SI;SI
160384;UNIVERSIDAD NACIONAL MAYOR DE SAN MARCOS;DERECHO Y CIENCIA POLITICA;SI;SI;SI
160387;NACIONAL MAYOR DE SAN MARCOS;DERECHO;SI;SI;SI
160389;UNVERSIDAD PERUANA LOS ANDES;PSICOLOGIA;SI;SI;SI
160390;UNIVERSIDAD INCA GARCILASO DE LA VEGA;CONTADOR PUBLICO;SI;SI;SI
160806;UNIVERSIDAD PRIVADA SAN PEDRO;DERECHO;SI;SI;SI
160806;UNIVERSIDAD NACIONAL DE TRUJILLO;FARMACIA Y BIOQUÍMICA;SI;SI;SI
160807;UNIVERSIDAD PERUANA LOS ANDES;DERECHO;NO;NO;SI
160807;UNIVERSIDAD NACIONAL SAN CRISTOBAL DE HUAMANGA;DERECHO;SI;SI;NO
160808;UNIVERSIDAD NACIONAL MAYOR DE SAN MARCOS;MEDICINA - MEDICO CIRUJANO;SI;SI;SI
160809;UNIVERSIDAD NACIONAL MAYOR DE SAN MARCOS;CONTABILIDAD;SI;SI;SI
160809;UNIVERSIDAD INCA GARCILASO DE LA VEGA;DERECHO;NO;NO;NO
160812;INCA GARCILASO DE LA VEGA;INGENIERÍA ADMINISTRATIVA;SI;SI;SI
160816;UNIVERSIDAD DE SAN MARTIN DE PORRES;CIENCIA DE LA COMUNICACIÓN;SI;NO;NO
160818;ENRIQUE GUZMAN Y VALLE - CANTUTA;MECANICA DE PRODUCCION;SI;SI;SI
160819;JAIME BAUSATE Y MEZA;PERIODISMO;SI;SI;SI
160820;UNIVERSIDAD INCA GARCILASO DE LA VEGA;DERECHO;SI;;SI
160823;UNIFE;ARQUITECTURA;SI;SI;SI
160824;UNIVERSIDAD DE SAN MARTÍN DE PORRRES;DERECHO;SI;SI;SI
160825;UNIVERSIDAD PERUANA DE CIENCIAS APLICADAS;INGENIERÍA INDUSTRIAL;SI;SI;NO
160826;UNIVERSIDAD FEMENINA DEL SAGRADO CORAZÓN - UNIFE;TRADUCCIÓN E INTERPRETACIÓN;SI;SI;NO
160827;UNIVERSIDAD DE LIMA;ECONOMIA;SI;SI;
160828;UNIVERSIDAD PRIVADA NORBERT WIENER;ODONTOLOGIA;SI;SI;SI
160829;UNIVERSIDAD NACIONAL MAYOR DE SAN MARCOS;ADMINISTRACIÓN DE NEGOCIOS INTERNACIONALES;NO;NO;NO
160831;UNIVERSIDAD DE LIMA;CIENCIA DE LA COMUNICACIÓN;SI;SI;NO
160832;UNVERSIDAD CESAR VALLEJO;DERECHO;NO;;
160833;UNIVERSIDAD NACIONAL DEL CALLAO;INGENIERÍA ELECTRICA;NO;NO;NO
160841;UNIVERSIDAD DE LIMA;CIENCIAS ADMINISTRATIVAS;SI;SI;
159833;UNIVERSIDAD NACIONAL DE CAJAMARCA;INGENIERIA CIVIL;SI;SI;SI
159834;UNIVERSIDAD NACIONAL MAYOR DE SAN MARCOS;DERECHO Y CIENCIAS POLÍTICAS;SI;SI;SI
159836;UNIVERSIDAD SAN MARTÍN DE PORRES;CONTABILIDAD;SI;SI;SI
159838;PONTIFICIA UNIVERSIDAD CATOLICA DEL PERU -  PUCP;DERECHO;NO;NO;
159838;INCA GARCILASO DE LA VEGA;CIENCIAS ECONOMICAS;NO;NO;
159840;INCA GARCILAZO DE LA VEGA;DERECHO Y CIENCIAS POLITICAS;SI;SI;SI
159841;RICARDO PALMA;ADMINISTRACIÓN Y GERENCIA;NO;NO;NO
159842;UNIVERSIDAD NACIONAL DE EDUCACIÓN ENRIQUE GUZMÁN Y VALLE;BACHILLER EN CIENCIA DE LA EDUCACIÓN;SI;SI;SI
159842;UNIVERSIDAD NACIONAL DE EDUCACION ENRIQUE GUZMAN Y VALLE;LICENCIADA EN EDUCACION;SI;;SI
159844;UNIVERSIDAD PRIVADA SAN JUAN BAUTISTA;MEDICINA HUMANA;SI;SI;SI
159845;UNIVERSIDAD ALAS PERUANAS;DERECHO;SI;SI;SI
159846;UNIVERSIDAD NACIONAL MAYOR DE SAN MARCOS;SOCIOLOGÍA;SI;SI;SI
159847;NORTHEASTERN UNIVERSITY;INGENIERÍA INDUSTRIAL;SI;SI;SI
159853;UNIVERSIDAD SAN MARTÍN DE PORRES;DERECHO Y CIENCIAS POLÍTICAS;SI;SI;SI
159857;INCA GARCILAZO DE LA VEGA;DERECHO Y CIENCIAS POLÍTICAS;NO;NO;NO
159858;UNIVERSIDAD NACIONAL DEL CENTRO DEL PERU;CONTABILIDAD;SI;SI;SI
159862;UNIVERSIDAD NACIONAL MAYOR DE SAN MARCOS;ECONOMIA;SI;SI;SI
159864;UNMSM;FILOSOFIA;SI;SI;NO
159864;UNMSM;DERECHO;SI;SI;NO
158724;SAN MARTIN DE PORRES;DERECHO;SI;SI;SI
158725;UNIVERSIDAD DE LIMA;CIENCIAS DE LA COMUNICACION;SI;SI;NO
158726;UNIVERSIDAD SAN MARTÍN DE PORRES;DERECHO Y CIENCIAS POLITICAS;SI;SI;SI
158727;UNIVERSITY OF WESTERN ONTARIO;HISTORIA Y ESPAÑOL;SI;SI;
158728;UNIVERSIDAD INCA GARCILASO DE LA VEGA;ADMINISTRACIÓN DE EMPRESAS;SI;SI;SI
158729;UNIVERSIDAD NACIONAL FEDERICO VILLARREAL;FACULTAD DE ADMINISTRACIÓN;SI;SI;SI
158730;UNIVERSIDAD PRIVADA DEL NORTE;ADMINISTRACIÓN DE EMPRESAS;NO;NO;NO
158730;UNIVERSIDAD DE LIMA;INGENIERÍA DE SISTEMAS;NO;NO;NO
158731;UNIVERSIDAD SAN JUAN BAUTISTA;CIENCIAS DE LAS COMUNICACIONES;SI;NO;NO
158732;UNIVERSIDAD RICARDO PALMA;INGENIERÍA INDUSTRIAL;SI;SI;SI
158733;UNIVERSIDAD FEDERICO VILLARREAL;CIENCIAS POLITICAS;SI;;
158734;UNIVERSIDAD NACIONAL FEDERICO VILLARREAL;MEDICINA HUMANA;SI;SI;SI
158736;UNIVERSIDAD NACIONAL DEL CALLAO;CONTABILIDAD;SI;SI;NO
158736;UNIVERSIDAD ALAS PERUANAS;CONTABILIDAD;SI;NO;SI
158737;UNIVERSIDAD PARTICULAR SAN MARTIN DE PORRES;ADMINISTRACION DE EMPRESAS;NO;NO;NO
158738;UNIVERSIDAD PERUANA CAYETANO HEREDIA;TECNOLOGÍA MEDICA;SI;SI;SI
158741;UNIVERSIDAD TECNOLÓGICA DEL PERÚ;DERECHO Y CIENCIAS POLÍTICAS;SI;SI;NO
158741;UNIVERSIDAD PERUANA DE LAS AMERICAS;DERECHO;;;SI
158742;UNIVERSIDAD CESAR VALLEJO;ADMINISTRACIÓN DE EMPRESAS;NO;SI;NO
158743;UNIVERSIDAD NACIONAL DE CAJAMARCA;ENFERMERIA;SI;;SI
158744;CESAR VALLEJOS;ARQITECTURA;NO;NO;NO
158745;UNIVERSIDADA NACIONAL DE INGIENERIA;INGIENERIA DE HIGIENE Y SEGURIDAD INDUSTRIAL;SI;SI;NO
158747;UNIVERSIDAD NACIONAL FEDERICO VILLAREAL;MEDICINA HUMANA;SI;SI;SI
158748;UNIVERSIDAD SAN MARTIN DE PORRES;CIENCIAS DE LA COMUNICACION;SI;SI;NO
158749;USIL;ADMINISTRACION DE EMPRESAS;SI;SI;NO
158750;SAN MARTIN DE PORRES;ADMINISTRACION DE EMPRSAS;SI;NO;NO
158751;UNIVERSIDAD ALAS PERUANAS;DERECHO Y CIENCIAS POLÍTICAS;SI;SI;SI
158752;UNIVERSIDAD NACIONAL MAYOR DE SAN MARCOS;EDUCACION;SI;SI;SI
158755;UNIVERCIDAD CESAR VALLEJO;DERECHO;SI;NO;NO
158757;UNIVERSIDAD NACIONAL FEDERICO VILLAREAL;FISICA;SI;SI;SI
158758;ESCUELA NACIONAL SUPERIOR DEL FOLCLORE JOSE MARIA ARGUEDAS;DOCENTE ARTE Y CULTURA;SI;SI;NO
158630;UNIVERSIDAD NACIONAL DE EDUCACION ENRIQUE GUZMAN Y VALLE;ADMINISTRACION DE EMPRESAS;SI;SI;NO
158631;UNIVERSIDAD PARTICULAR INCA GARCILASO DE LA VEGA;DERECHO Y CIENCIAS POLITICAS;SI;SI;SI
158632;UNIVERSIDAD SAN PEDRO;DERECHO Y CIENCIAS POLITICAS;SI;SI;SI
158633;UNIVERSIDAD NACIONAL MAYOR DE SAN MARCOS;OBSTETRICIA;SI;SI;SI
157907;JOSE FAUSTINO SANCHEZ CARRIÓN;MEDICINA HUMANA;SI;SI;SI
157909;UNIVERSIDAD NACIONAL FEDERICO VILLAREAL;MEDICINA HUMANA;SI;SI;SI
157910;UNIVERSIDAD NACIONAL FEDERICO VILLAREAL;DERECHO;SI;SI;SI
157910;UNIVERSIDAD NACIONAL FEDERICO VILLAREAL;DERECHO;SI;SI;SI
158181;UNIVERSIDAD INCA GARCILAZO DE LA VEGA;INGENIERIA DE SISTEMAS Y COMPUTO;SI;SI;SI
158182;UNIVERSIDAD ALAS PERUANAS;CONTABILIDAD;SI;SI;SI
158183;ESCUELA DE PERIODISTA JAIME BAUSATE MESA;PERIODISMO;NO;;
158184;UNIVERSIDAD SAN LUIS GONZAGA DE ICA;DERECHO Y CIENCIAS POLITICAS;SI;SI;SI
158072;UNIVERSIDAD NACIONAL JOSE FAUSTINO SANCHEZ CARRION;INGENIERÍA INDUSTRIAL;SI;SI;SI
158073;INCA GARCILASO DE LA VEGA;DERECHO Y CIENCIAS POLITICAS;SI;SI;NO
158074;UNIVERSIDAD ALAS PERUANAS;ADMINISTRACION Y NEGOCIOS INTERNACIONALES;SI;SI;SI
158075;ULADECH LOS ANGELES DE CHIMBOTE;DERECHO Y CIENCIAS POLITICAS;NO;;
159885;UNIVERSIDAD HERMILIO VALDIZAN;ADMINISTRACION DE EMPRESAS;NO;;NO
159886;UNE - ENRIQUE GUZMAN Y VALLE;EDUCACION - LITERATURA - LENGUA;SI;SI;NO
159887;UNIVERSIDAD NACIONAL JOSE FAUSTINO SANCHEZ CARRION;INGENIERIA INDUSTRIAL;SI;SI;SI
159888;UNIVERSIDAD SAN LUIS GONZAGA DE ICA;EDUCACION;SI;SI;SI
160552;UNIVERSIDAD GARCILAZO DE LA VEGA;DERECHO Y CIENCIAS POLITICAS;SI;SI;SI
160553;UNIVERSIDAD NACIONAL DANIEL ALCÍDES CARRIÓN;CIENCIAS DE LA EDUCACION;SI;SI;NO
160554;UNIVERSIDAD PRIVADA DE ICA;DERECHO;SI;SI;
160555;UNIVERSIDAD NACIONAL AGRARIA LA MOLINA;INGENIERÍA AGRÍCOLA;SI;SI;SI
161270;UNIVERSIDAD NACIONAL JOSÉ FAUSTINO SÁNCHEZ CARRIÓN;INGENIERÍA QUÍMICA;SI;SI;NO
161271;UNIVERSIDAD NACIONAL JOSÉ FAUSTINO SÁNCHEZ CARRIÓN;SOCIOLOGÍA;SI;SI;SI
161271;UNIVERSIDAD NACIONAL JOSÉ FAUSTINO SÁNCHEZ CARRIÓN;LICENCIADO EN EDUCACIÓN - CIENCIAS HISTÓRICO SOCIALES;SI;SI;SI
161272;UNIVERSIDAD NACIONAL MAYOR DE SAN MARCOS;ABOGACÍA;SI;SI;SI
161273;UNIVERSIDAD JOSÉ FAUSTINO SÁNCHEZ CARRIÓN;LENGUA COMUNICACIÓN E IDIOMA INGLES;NO;NO;NO
161758;UNIVERSIDAD NACIONAL JOSE FAUSTINO SANCHEZ CARRION;CONTABILIDAD;SI;SI;SI
161758;UNIVERSIDAD NACIONAL JOSE FAUSTINO SANCHEZ CARRION;EDUCACION;SI;SI;SI
160999;RICARDO PALMA;INGENIERIA ELECTRONICA;SI;SI;SI
160999;UNIVERSIDAD NACIONAL DE INGENIERIA UNI;ESTADISTICA;NO;NO;NO
161000;UNIVERSIDAD SAN LUIS GONZAGA DE ICA;DERECHO Y CIENCIAS POLÍTICAS;SI;SI;SI
159614;UNIVERSIDAD DE LIMA;DERECHO Y CIENCIAS POLITICAS;SI;SI;SI
159615;UNIVERSIDAD JOSÉ FAUSTINO SÁNCHEZ CARRIÓN;INGENIERIA AMBIENTAL;SI;SI;NO
159616;UNIVERSIDAD NACIONAL DE SAN AGUSTÍN DE AREQUIPA;INGENIERÍA INDUSTRIAL;SI;SI;SI
159617;UNIVERSIDAD CONTINENTAL;DERECHO;NO;NO;NO
159617;UNIVERSIDAD NACIONAL DEL CENTRO DEL PERU;INGENIERA ELECTRICA;SI;SI;SI
159438;UNIVERSIDAD INCA GARCILAZO DE LA VEGA;DERECHO Y CIENCIAS POLITICAS;NO;;
159439;UNIVERSIDAD NACIONAL MAYOR DE SAN  MARCOS;SOCIOLOGIA;SI;SI;NO
160705;UNI PRIVADA MARCELINO CHAMPAGNAT;EDUCACION;SI;SI;SI
160705;ALAS PERUANAS;DERECHO Y CIENCIAS POLITICAS;NO;;
160706;INCA GARCILAZO DE LA VEGA;DERECHO Y CIENCIAS POLITICAS;SI;SI;SI
160706;INCA GARZILASO DE LA VEGA;SOCIOLOGIA;SI;SI;NO
159217;UNIVERSIDAD SAN MARTIN DE PORRES;CIENCIAS FINANCIERAS Y CONTABLES;SI;SI;SI
161475;SAN MARTIN DE PORRES;ENFERMERIA;SI;SI;SI
161477;NACIONAL JOSE FAUSTINO SANCHEZ CARRION;EDUCACION;SI;SI;SI
161478;UNIVERSIDAD NACIONAL AGRARIA  LA MOLINA;INGENIERIA AGRICOLA;SI;SI;SI
161734;UNIVERSIDAD NACIONAL JOSE FAUSTINO SANCHEZ CARRION - HUACHO;INGENIERÍA INDUSTRIAL;SI;SI;SI
161735;UNIVERSIDAD INCA GARCILASO DE LA VEGA;DERECHO Y CIENCIAS POLÍTICAS;SI;SI;SI
161736;PONTIFICIA UNIVERSIDAD CATOLICA DEL PERU;INGENIERÍA DE MINAS;SI;SI;SI
161736;PONTIFICIA UNIVERSIDAD CATÓLICA DEL PERÚ;ECONOMIA;NO;NO;NO
161737;UNIVERSIDAD SAN MARTIN DE PORRES;DERECHO;SI;SI;SI
160074;UNIVERSIDAD NACIONAL MAYOR DE SAN MARCOS;DERECHO Y CIENCIA POLITICA;SI;SI;SI
160075;UNIVERSIDAD NACIONAL JOSE FAUSTINO SANCHEZ CARRION;INGENIERIA AGRONOMICA;SI;SI;NO
160076;UNIVERSIDAD PRIVADA TELESUP;DERECHO CORPORATIVO;NO;NO;NO
160077;UNIVERSIDAD PRIVADA SAN PEDRO;CIENCIAS CONTABLES Y FINANCIERAS;SI;SI;SI
159512;UNIIVERSIDAD JOSE FAUSTINO SANCHEZ CARRION;AGRONOMIA;SI;NO;NO
161238;UNIVERSIDAD DE PIURA;CONTABILIDAD Y AUDITORIA;SI;SI;SI
161239;PONTIFICIA UNIVERSIDAD CATOLICA DEL PERU;CONTABILIDAD;SI;SI;SI
161241;UNIVERSIDAD ALAS PERUANAS;DERECHO Y CIENCIAS POLITICAS;NO;;
158114;JOSE FAUSTINO SANCHEZ CARRION;EDUCACION;SI;SI;SI
158115;UNIVERSIDAD NACIONAL FEDERICO VILLARREAL;LICENCIADO EN CIENCIA POLITICA;SI;SI;SI
158116;UNIVERSIDAD CATÓLICA LOS ÁNGELES DE CHIMBOTE;DERECHO;SI;SI;SI
158193;UNMSM;DERECHO Y CIENCIAS POLITICAS;SI;SI;SI
158194;UNIVERSIDAD PARTICULAR SAN MARTIN DE PORRES;DERECHO;SI;SI;SI
158196;UNIVERSIDAD DE LIMA;ADMINISTRACION DE MPRESAS;NO;NO;NO
161749;PONTIFICIA UNIVERSIDAD CATOLICA DEL PERU;INGENIERÍA INDUSTRIAL;SI;SI;SI
161749;UNIVERSIDAD CESAR VALLEJO;INGENIERIA CIVIL;NO;NO;NO
161750;UNIVERSIDAD NACIONAL MAYOR DE SAN MARCOS;ANTROPOLOGÍA;SI;SI;SI
161750;UNIVERSIDAD NACIONAL MAYOR DE SAN MARCOS;BIOLOGÍA;NO;NO;NO
161751;UNIVERSIDAD CIENTÍFICA DEL PERÚ;DERECHO Y CIENCIAS POLÍTICAS;SI;SI;NO
161752;UNIVERSIDAD NACIONAL PEDRO RUIZ GALLO;EDUCACIÓN;SI;SI;SI
157911;UNIVERSIDAD NACIONAL DE LA AMAZONÍA PERUANA;ADMINISTRACIÓN;SI;SI;SI
157912;UNIVERSIDAD NACIONAL DE LA AMAZONÍA PERUANA;EDUCACIÓN PRIMARIA;SI;SI;SI
157913;UNIVERSIDAD JAIME BAUSATE Y MEZA;PERIODISMO;SI;SI;SI
157913;UNIVERSIDAD MARCELINO CHAMPAGNAT;EDUCACIÓN;SI;SI;NO
157914;UNIVERSIDAD NACIONAL DE LA PLATA (ARGENTINA);ODONTOLOGÍA;SI;;SI
158948;UNIVERSIDAD NACIONAL DE LA AMAZONÍA PERUANA;QUÍMICO FARMACEUTICA;SI;SI;SI
158700;UNIVERSIDAD NACIONAL DE LA AMAZONIA PERUANA;INGENIERA EN ECOLOGIA DE BOSQUES TROPICALES;SI;SI;SI
158700;UNIVERSIDAD NACIONAL DE LA AMAZONIA PERUANA;ECONOMIA;NO;NO;NO
158701;UNIVERSIDAD NACIONAL AUTONOMA DE ALTO AMAZONAS;AGRONOMIA;NO;NO;NO
158587;ALAS PERUANAS;EDUCACIÓN;SI;NO;NO
160556;UNIVERSIDAD DE LIMA;DERECHO Y CIENCIAS POLITICAS;SI;;SI
160558;UNAP;BIOLOGÍA ACUICOLA O ACUICULTURA;NO;NO;NO
160228;UNIVERSIDAD NACIONAL DE LA AMAZONIA PERUANA;IDIOMAS EXTRANJEROS;SI;SI;SI
161628;UNIVERSIDAD NACIONAL DE LA AMAZONIA PERUANA;LICENCIADO EN EDUCACIÓN CON ESPECIALIDAD EN LITERATURA;SI;SI;SI
161628;UNIVERSIDAD CIENTÍFICA DEL PERÚ;DERECHO;SI;SI;SI
159231;UNIVERSIDAD NACIONAL DE LA AMAZONIA PERUANA;ECONOMIA;SI;SI;SI
159232;UNIVERSIDAD PRIVADA DEL NORTE;ADMINISTRACION;SI;SI;NO
159233;UNIVERSIDAD PARTICULAR DE IQUITOS;DERECHO;SI;SI;SI
159234;UNIVERSIDAD CIENTÍFICA DEL PERU;DERECHO Y CIENCIAS POLÍTICA;NO;NO;NO
159417;UNIVERSIDAD NACIONAL DE LA AMAZONIA PERUANA;INGENIERIA FORESTAL;SI;SI;SI
159418;UNIVERSIDAD RICARDO PALMA;ARQUITECTURA Y URBANISMO;SI;SI;SI
159419;UNIVERSIDAD NACIONAL DE LA AMAZONIA PERUANA;IDIOMAS EXTRANJEROS;NO;NO;NO
159420;UNIVERSIDAD NACIONAL DE LA AMAZONIA PERUANA;FARMACIA Y BIOQUIMICA;SI;SI;SI
159424;SAN MARTIN PORRES;SOCIOLOGIA;SI;SI;NO
161184;UNIVERSIDAD NACIONAL DE LA AMAZONIA PERUANA;ADMINISTRACION;NO;NO;NO
159431;UNIVERSIDAD NACINAL DE LA AMAZONIA PERUANA;MEDICINA HUMANA;SI;SI;SI
159433;UNIVERSIDAD CIENTÍFICA DEL PERU;ADMINISTRACIÓN DE EMPRESAS;SI;SI;SI
160322;UNIVERSIDAD NACIONAL DE LA AMAZONIA PERUANA;CIENCIAS BIOLOGICAS;SI;SI;SI
160232;UNIVERSIDAD NACIONAL DE LA AMAZONIA PERUANA;LENGUA Y LITERATURA - EDUCACIÓN;SI;SI;SI
160232;UNIVERSIDAD NACIONAL DE LA AMAZONIA PERUANA;ADMINISTRACIÓN;SI;SI;SI
160233;UNIVERSIDAD NACIONAL DE LA AMAZONIA PERUANA;MEDICINA HUMANA;SI;SI;SI
160234;UNIVERSIDAD NACIONAL DE SAN MARTIN;OBSTETRICIA;SI;SI;SI
161343;UNIVERSIDAD NACIONAL DE LA AMAZONÍA PERUANA;ADMINISTRACION;SI;SI;SI
161344;UNIVERSIDAD DE IQUITOS;ADMINISTRACION;NO;NO;NO
158850;UNIVERSIDAD CIENTÍFICA DEL PERU;;SI;SI;SI
158851;UNIVERSIDAD NACIONAL DE LA AMAZONIA PERUANA;LICENCIADA ENFERMERIA;SI;SI;SI
158852;UNIVERSIDAD NACIONAL DE LA AMAZONIA PERUANA;DERECHO;SI;;SI
160988;UNIVERSIDAD NACIONAL MAYOR DE SAN MARCOS;OBSTETRA;SI;SI;SI
160988;UNIVERSIDAD NACIONAL DEL CALLAO;INGENIERIA ALIMENTARIA;SI;SI;SI
160989;UNIVERSIDAD NACIONAL MAYOR DE SAN MARCOS;MEDICINA HUMANA;SI;SI;SI
160991;UNIVERSIDAD NACIONAL INCA GARCILASO DE LA VEGA;TURISMO Y HOTELERIA;SI;SI;SI
160768;UNIVERSIDAD CIENTÍFICA DEL PERÚ;CIENCIAS DE LA COMUNICACION;NO;NO;NO
160770;UNIVERSIDAD NACIONAL DE LA AMAZONIA PERUANA;INGENIERIA FORESTAL;SI;SI;NO
158989;SAN LUIS GONZAGA DE ICA;EDUCACION;SI;SI;SI
158990;CESAR VALLEJO;DERECHO;SI;SI;SI
157915;UNIVERSIDAD INCA GARCILASO DE LA VEGA;DERECHO Y CIENCIAS POLÍTICAS;SI;SI;SI
157916;UNIVERSIDAD NACIONAL DE SAN ANTONIO ABAD DEL CUSCO;CIENCIAS DE LA COMUNICACIÓN;SI;NO;
157917;UNIVERSIDAD NACIONAL DE SAN AGUSTÍN;QUIMICA;NO;NO;NO
158624;UNIVERSIDAD ANDINA DEL CUSCO;DERECHO Y CIENCIAS POLITICAS;SI;SI;SI
158625;UNIVERSIDAD SAN ANTONIO ABAD DEL CUSCO;INGENIERÍA FORESTAL;SI;SI;SI
158625;UNIVERSIDAD ANDINA DEL CUSCO;DERECHO Y CIENCIAS POLITICAS;SI;SI;SI
158626;UNIVERSIDAD ANDINA DEL CUSCO;DERECHO Y CIENCIAS POLITICAS;SI;SI;SI
161472;UNIVERSIDAD NACIONAL AMAZONICA DE MADRE DE DIOS;INGENIERIA AGROINDUSTRIAL;NO;NO;NO
160560;JOSE FAUSTINO SANCHEZ CARRION;ENFERMERIA;SI;SI;SI
160561;UPAO;DERECHO;NO;NO;NO
161555;UNIVERSIDAD ANDINA DEL CUSCO;DERECHO;SI;SI;SI
161556;UNIVERSIDAD NACIONAL AMAZÓNICA DE MADRE DE DIOS;INGENIERÍA AGROINDUSTRIAL;NO;NO;NO
158414;UNIVERSIDAD NACIONAL DE LA AMAZONIA PERUANA;INGENIERÍA AGRONOMICA;SI;;SI
158415;UNIVERSIDAD ANDINA DEL CUSCO;DERECHO Y CIENCIAS POLITICAS;SI;SI;SI
159319;UNIVERSIDAD NACIONAL SAN ANTONIO ABAD DEL CUSCO;ZOOTECNIA;SI;SI;SI
159319;UNIVERSIDAD NACIONAL SAN ANTONIO ABAD DEL CUSCO;ZOOTECNIA;SI;SI;SI
161089;UNIVERSIDAD NACIONAL AMAZÓNICA DE MADRE DE DIOS;DERECHO Y CIENCIA POLITICAS;SI;SI;SI
160636;SAN MARTIN DE PORRES;;SI;;SI
160638;UNIVERSIDAD NACIONAL AMAZONICA DE MADRE DE DIOS;;SI;SI;
161365;UNIVERSIDAD NACIONAL MAYOR DE SAN MARCOS;ADMINISTRADOR DE EMPRESAS;SI;SI;SI
160391;UNIVERSIDAD NACIONA AMAZONICA DE MADRE DE DIOS;INGENIERIA FORESTAL Y MEDIO AMBIENTE;NO;;
160392;UNIVERSIDAD NACIONAL AMAZONICA DE MADRE DE DIOS;;SI;;
158620;ALAS PERUANAS;ADMINISTRACION Y NEGOCIOS INTERNACIONALES;SI;SI;NO
158805;UNIVERSIDAD PARTICULAR SAN MARTIN DE PORRES;EDUCACION;SI;SI;SI
158806;UNIVERSIDAD DE LIMA;ABOGADO;SI;SI;SI
158806;UNIVERSIDAD DE SAN MARTIN DE PORRES;RELACIONES INDUSTRIALES;SI;SI;SI
157918;UNIVERSIDAD CATOLICA DE SANTA MARIA;CIENCIAS DE LA COMUNICACIÓN SOCIAL;SI;SI;SI
157920;JOSE CARLOS MARIATEGUI;DERECHO;SI;SI;SI
161351;UNIVERSIDAD NACIONAL FEDERICO VILLAREAL;INGENIERIA CIVIL;SI;SI;SI
161353;JOSE CARLOS MARIATEGUI;CONTABILIDAD;NO;NO;NO
159027;UNIVERSIDAD JOSE CARLOS MARIATEGUI;DERECHO;SI;SI;SI
159029;UNIVERSIDAD PRIVADA JOSE CARLOS MARIATEGUI;CONTADOR PUBLICO;SI;SI;SI
159032;JOSE CARLOS MARIATEGUI;ADMINISTRACION Y MARKETING ESTRATEGICO;SI;NO;NO
160563;ALAS PERUANAS;INGENIERIA INDUSTRIAL;SI;SI;
160564;UNIVERSIDAD CATOLICA DE SANTA MARIA - AREQUIPA;CIENCIAS JURIDICAS Y POLITICAS - DERECHO;SI;SI;SI
159489;SAN AGUSTÍN DE AREQUIPA;CIENCIAS DE LA EDUCACIÓN;;SI;
161899;UNIVERSIDAD NACIONAL FEDERICO VIRRAREAL;ECONOMIA;SI;SI;NO
161900;UNIVERSIDAD PARTICULAR JOSE CARLOS MARIATEGUI;DERECHO;SI;NO;NO
159805;UNIVERSIDAD NACIONAL DE SAN AGUSTION;CIENCIAS DE LA COMUNICACION;SI;NO;
159806;UNIVERSIDAD JOSE CARLOS MARIATEGUI;DERECHO;SI;SI;SI
159219;JOSE CARLOS MARIATEGUI;INGENIERÍA DE SISTEMAS E INFORMÁTICA;SI;SI;SI
159221;CATÓLICA DE SANTA MARÍA;COMUNICACIÓN SOCIAL;SI;SI;SI
158923;UNIVERSIDAD JOSÉ CARLOS MARIÁTEGUI;DERECHO;SI;SI;SI
158923;UNIVERSIDAD JOSÉ CARLOS MARIÁTEGUI;PSICOLOGÍA;NO;NO;NO
158925;UNIVERSIDAD NACIONAL MOQUEGUA;GESTION PUBLICA Y DESARROLLO SOCIAL;SI;SI;
160772;JOSÉ CARLOS MARIÁTEGUI;DERECHO;SI;SI;SI
160773;UNIVERSIDAD JOSÉ CARLOS MARIATEGUI;DERECHO;SI;SI;SI
160773;UNIVERSIDAD NACIONAL DE MOQUEGUA;GESTIÓN PÚBLICA Y DESARROLLO SOCIAL;SI;NO;NO
159322;UNIVERSIDAD MAYOR DE SAN MARCOS;;NO;NO;NO
159323;UNIVERSIDAD DE SAN MARTÍN DE PORRES;LICENCIADA ENFERMERÍA;SI;SI;SI
160674;UNIVERSIDAD JOSÉ CARLOS MARIATEGUI;INGENIERÍA COMERCIAL;SI;SI;SI
160675;UNIVERSIDAD JOSÉ CARLOS MARIATEGUI;DERECHO;SI;SI;SI
161567;INIDE INSTITUTO NACIONAL DE INVESTIGACION Y DESARROLLO DE LA EDUCACION;PROFESOR DE EDUCACION PRIMARIA-SECUNDARIA;SI;NO;SI
161568;UNIVERSIDAD NACIONAL JORGE BASADRE GROHMANN;AGRONOMIA;SI;SI;SI
159632;UNIVERSIDAD DE TACNA;DERECHO;NO;;
160208;UNIVERSIDAD CATÓLICA SANTA MARÍA;EDUCACIÓN CIENCIAS;SI;SI;SI
160208;UNIVERSIDAD TELESUP;DERECHO;SI;NO;NO
158069;UNIVERSIDAD NACIONAL DE TACNA;INGENIERÍA DE MINAS;NO;NO;NO
158070;JOSE CARLOS MARIATEGUI;CONTABILIDAD;SI;SI;SI
161189;UNIVERSIDAD PRIVADA HUANUCO;DERECHO Y CIENCIAS POLÍTICAS;SI;SI;SI
161191;UNIVERSIDAD PERUANA LOS ANDES;DERECHO Y CIENCAS POLITICAS;SI;SI;NO
157949;UNIVERSIDAD NACIONAL HERMILIO VALDIZÁN;OBSTETRICIA;SI;SI;SI
157949;UNIVERSIDAD NACIONAL DANIEL ALCIDES CARRIÓN;;SI;SI;SI
157950;PONTIFICIA UNIVERSIDAD CATÓLICA DEL PERÚ;CIENCIAS DE LA INFORMACIÓN;SI;SI;SI
157951;UNIVERSIDAD NACIONAL DANIEL ALCIDES CARRIÓN;DERECHO Y CIENCIAS POLITICAS;SI;SI;NO
160958;UNIVERSIDAD NACIONAL DANIEL ALCIDES CARRIÓN;EDUCACIÓN;NO;SI;
160959;UNIVERSIDAD NACIONAL DANIEL ALCIDES CARRIÓN;LENGUA Y LITERATURA;SI;SI;NO
160960;UNIVERSIDAD NACIONAL DANIEL ALCIDES CARRIÓN;EDUCACIÓN INICIAL;SI;SI;SI
158305;UNIVERSIDAD DANIEL ALCIDES CARRION;CIENCIAS DE LA EDUCACION;SI;SI;SI
158306;UNIVERSIDAD NACIONAL DANIEL ALCIDES CARRION;EDUCACION;SI;SI;SI
158307;UNIVERSIDAD PEDRO RUIZ GALO;EDUCACION PRIMARIA;SI;SI;SI
160566;UNIVERSIDAD NACIONAL HERMILIO VALDIZÁN;DERECHO Y CIENCIAS POLÍTICAS;SI;SI;SI
160567;DANIEL ALCIDES CARRION;CIENCIAS DE LA COMUNICACION;SI;SI;SI
161094;UNIVERSIDAD NACIONAL DANIEL ALCIDES CARRION;EDUCACIÓN Y CIENCIAS HUMANAS;SI;SI;SI
161095;UNIVERSIDAD NACIONAL DANIEL ALCIDES CARRION;INGENIERÍA ZOOTECNIA;NO;NO;NO
161096;UNIVERSIDAD NACIONAL DANIEL ALCIDES CARRION;TELECOMUNICACIONES INFORMATICA;NO;NO;NO
161768;UNIVERSIDAD NACIONAL DANIEL ALCIDES CARRIÓN;ADMINISTRACIÓN DE EMPRESAS;SI;SI;SI
161770;UNIVERSIDAD NACIONAL DANIEL ALCIDES CARRIÓN;CIENCIAS DE LA COMUNICACIÓN;SI;SI;SI
158312;UNIVERSIDAD DANIEL ALCIDES CARRION;INGENIERIA DE SISTEMAS Y COMPUTACION;SI;NO;
158313;UNIIVERSIDAD DE HUANUCO;DERECHO Y CIENCIAS POLITICAS;NO;NO;NO
158314;DANIEL ALCIDES CARRION;CIENCIAS DE LA COMUNICACION;SI;SI;SI
158827;UNIVERSIDAD NACIONAL DANIEL ALCIDES CARRION;INGENIERÍA DE SISTEMAS Y COMPUTACIÓN;SI;SI;NO
158828;UNIVERSIDAD INCA GARCILAZO DE LA VEGA;CIENCIAS CONTABLES Y FINANZAS CORPORATIVAS;SI;SI;
161469;UNIVERSIDAD NACIONAL DANIEL ALCIDES CARRION;ENFERMERIA;SI;SI;SI
161470;UNIVERSIDAD NACIONAL MAYOR DE SAN MARCOS;COMUNICACION SOCIAL;NO;NO;NO
161470;UNIVERSIDAD DE HUANUCO;DERECHO Y CIENCIAS POLITICAS;SI;SI;SI
161471;UNIVERSIDAD NACIONAL DE EDUCACIÓN "ENRIQUE GUZMÁN Y VALLE";;SI;SI;SI
161471;UNIVERSIDAD NACIONAL MAYOR DE SAN MARCOS;;SI;SI;NO
161858;UNIVERSIDAD ALAS PERUANAS;INGENIERÍA CIVIL;NO;NO;NO
161858;UNIVERSIDAD NACIONAL DANIEL ALCIDES CARRION;ZOOTECNIA;NO;NO;NO
161859;ESCUELA LATINOAMERICANA DE MEDICINA;DOCTORA EN MEDICINA;SI;NO;SI
161860;UNIVERSIDAD DANIEL ALCIDES CARRION;INGENIERÍA DE SISTEMAS Y COMPUTACIÓN;NO;NO;NO
159724;UNIVERSIDAD NACIONAL HERMILIO VALDIZAN DE HUANUCO;DERECHO Y CIENCIAS POLÍTICAS;SI;SI;SI
159724;UNIVERSIDAD NACIONAL DANIEL ALCIDES CARRION;CONTABILIDAD Y FINANZAS;SI;SI;SI
159725;UNIVERSIDAD PERUANA LOS ANDES;DERECHO Y CIENCIAS POLITICAS;SI;SI;SI
159726;UNIVERSIDAD NACIONAL DANIEL ALCIDES CARRIÓN;INGENIERÍA DE SISTEMAS Y COMPUTACIÓN;SI;SI;NO
159532;UNIVERSIDAD NACIONAL DANIEL ALCÍDES CARRIÓN;;SI;SI;SI
159533;UNIVERSIDAD LOS ÁNGELES DE CHIMBOTE;INGENIERÍA DE SISTEMAS;SI;SI;NO
159534;DANIEL ALCIDES CARRION;INGENIERIA DE SISTEMAS E INFORMATICA;SI;SI;SI
159534;DANIEL ALCIDES CARRION;INGENIERIA CIVIL;NO;NO;NO
158224;UNIVERSIDAD DE SAN MARTIN DE PORRES;DERECHO;SI;SI;SI
158225;UNIVERSIDAD PERUANA LOS ANDES;INGENIERIA DE SISTEMAS Y COMPUTACION;NO;NO;NO
160214;UNIVERSIDAD INCA GARCILASO DE LA VEGA;DERECHO Y CIENCIAS POLITICAS;SI;SI;SI
160694;UNIVERSIDAD SAN AMRTIN DE PORRAS;DERECHA Y CIENCIAS POLITICAS;SI;SI;SI
160697;UNIVERSIDAD NACIONAL DE PIURA;ECONOMÍA;SI;SI;SI
160698;UNIVERSIDAD CATOLICA LOS ANGELES DE CHIMBOTE - ULADECH;DERECHO Y CIENCIAS POLITICAS;SI;SI;SI
160699;UNIVERSIDAD NACIONAL DE PIURA;EDUCACION PRIMARIA;SI;SI;SI
160700;UNIVERSIDAD NACIONAL DE TRUJILLO - UNT;CIENCIAS ECONOMICAS Y CONTABLES;SI;SI;SI
157924;UNIVERSIDAD NACIONAL DE TRUJILLO;DERECHO Y CIENCIAS POLÍTICAS;SI;SI;SI
157925;UNIVERSIDAD NACIONAL DE PIURA;CIENCIAS CONTABLES;SI;SI;SI
157925;UNIVERSIDAD NACIONAL DE PIURA;DERECHO Y CIENCIAS POLÍTICAS;SI;SI;SI
157926;UNIVERSIDAD DE PIURA;DERECHO Y CIENCIAS POLÍTICAS;SI;SI;SI
157927;UNIVERSIDAD CATÓLICA DE LOS ÁNGELES DE CHIMBOTE;EDUCACIÓN INICIAL;SI;SI;SI
157927;UNIVERSIDAD CATÓLICA DE TRUJILLO;GESTIÓN PÚBLICA Y GOBERNABILIDAD;NO;NO;NO
157928;UNIVERSIDAD NACIONAL DE PIURA;INGENIERO ZOOTECNISTA;NO;NO;NO
157929;UNIVERSIDAD CATÓLICA LOS ÁNGELES DE CHIMBOTE;OBSTETRICIA;SI;SI;SI
157930;PEDRO RUIZ GALLO;EDUCACIÓN;SI;SI;SI
157930;PEDRO RUIZ GALLO;DERECHO;NO;NO;SI
159001;UNIVERSIDAD SAN PEDRO;CONTABILIDAD;NO;NO;NO
159002;SAN LUIS GONZAGA DE ICA;CONTABILIDAD;SI;NO;SI
158237;INCA GARCILASO DE LA VEGA;DERECHO Y CIENCIAS POLTICAS;SI;SI;SI
158238;UNIVERSIDAD NACIONAL DE PIURA;MEDICINA-HUMANA;SI;SI;SI
158239;CESAR VALLEJO -CHICLAYO;INGENIERA CIVIL;SI;SI;NO
158239;UNIVERSIDAD NACIONAL PEDO RUIZ GALLO-LAMBAYEQUE;INGENIERA AGRÍCOLA;SI;SI;SI
158241;UNIVERSIDAD CATOLICA LOS ANGELES DE CHIMBOTE - ULADECH;DERECHO Y CIENCIAS POLITICAS;SI;SI;NO
158241;UNIVERSIDAD NACIONAL DE PIURA;DERECHO Y CIENCIAS POLITICAS;NO;NO;SI
158243;UNIVERSIDAD PARTICULAR SAN MARTIN DE PORRES;ECONOMISTA;SI;SI;
159794;UNIVERSIDAD DE SAN MARTIN DE PORRES;OBSTETRICIA;SI;SI;SI
159795;UNIVERSIDAD CATOLICA LOS ANGELES DE CHIMBOTE;DERECHO Y CIENCIAS POLÍTICAS;SI;SI;SI
159796;UNIVERSIDAD NACIONAL FEDERICO VILLAREAL;INGENIERA ACUICOLA;SI;SI;
159797;UNIVERSIDAD ALAS PERUANAS;INGENIERÍA INDUSTRIAL;NO;;
160569;UNIVERSIDAD SEÑOR DE SIPAN;ADMINISTRACIÓN;SI;NO;NO
160570;UNIVERSIDAD PRIVADA ANTENOR ORREGO;DERECHO Y CIENCIAS POLÍTICAS;SI;SI;SI
160571;LOS ANGELES DE CHIMBOTE;DERECHO Y CIENCIAS POLITICAS;NO;NO;NO
160572;UNIVERSIDAD PRIVADA SAN PEDRO SEDE - SULLANA;ENFERMERIA;SI;SI;NO
160573;CESAR VALLEJO - FILIAL PIURA;DERECHO Y CIENCIAS POLÍTICAS;NO;;
160394;UNIVERSIDAD ALAS PERUANAS;INGENIERÍA INDUSTRIAL;NO;NO;NO
160399;UNIVERSIDAD DEL PACIFICO;ADMINISTRACION;SI;SI;NO
160400;UNIVERSIDAD LOS ANGELES DE CHIMBOTE;DERECHO Y CIENCIAS POLITICAS;SI;SI;SI
160400;UNIVERSIDAD MAYOR DE SAN MARCOS;EDUCACION;SI;SI;NO
161822;UNIVERSIDAD NACIONAL DE PIURA;INGENIERIA AGRONOMA;SI;SI;SI
161823;UNIVERSIDAD PARTICULAR SAN MARTIN DE PORRES;DERECHO Y CIENCIAS POLITICAS;SI;SI;SI
161826;UNIVERSIIDAD NACIONAL FEDERICO VILLARREAL;FACULTAD DE EDUCACION;SI;SI;NO
161826;PONTIFICIA UNIVERSIDAD CATOLICA DEL PERU;SEGUNDA ESPECIALIZACION EN GESION ESCOLAR CON LIDERAZGO PEDAGOGICO;SI;NO;SI
161827;UNIVERSIDAD INCA GARCILASO DE LA VEGA;DERECHO Y CIENCIAS POLITICAS;NO;NO;NO
161828;UNIVERSIDAD PRIVADA ANTENOR ORREGO;DERECHO Y CIENCIAS POLITICAS;NO;;
158142;UNIVERSIDAD NACIONAL DE PIURA;EDUCACIÓN (PROGRAMA DE COMPLEMENTACIÓN ACADÉMICA) PCA;SI;SI;NO
158142;UNIVERSIDAD NACIONAL DE PIURA;PROGRAMA DE TITULACIÓN PROFESIONAL DE ABOGADO - PATPRO;SI;NO;SI
158144;UNIVERSIDAD NACIONAL DE PIURA;ECONOMIA;SI;SI;SI
158145;UNIVERSIDAD NACIONAL DE PIURA;INGENIERIA AGROINDUSTRIAL;SI;SI;SI
158146;UNIVERSIDAD NACIONAL DE PIURA;AGRONOMIA;SI;SI;SI
158147;UNIVERSIDAD LOS ANGELES DE CHIMBOTE;DERECHO Y CUENCIAS POLITICAS;SI;NO;NO
158148;UNIVERSIDAD NACIONAL DE PIURA;INGENIERIA GEOLOGICA;NO;NO;NO
160933;UNIVERSIDAD PRIVADA DEL NORTE;DERECHO Y CIENCIAS POLÍTICAS;SI;SI;SI
160934;UNIVERSIDAD NACIONAL DE PIURA;MEDICINA HUMANA;SI;SI;SI
160934;UNIVERSIDAD PRIVADA CESAR VALLEJO;EDUCACIÓN;SI;SI;NO
160935;UNIVERSIDAD CATÓLICA LOS ANGELES DE CHIMBOTE;DERECHO Y CIENCIA POLÍTICA;SI;SI;SI
160936;UNIVERSIDAD NACIONAL DE PIURA;AGRONOMÍA;SI;SI;SI
160937;UNIVERSIDAD LOS ANGELES DE CHIMBOTE;ENFERMERÍA;SI;SI;SI
160939;UNIVERSIDAD PRIVADA ANTENOR ORREGO;DERECHO Y CIENCIAS POLÍTICAS;SI;SI;SI
160967;UNIVERSIDAD SAN PEDRO;DOCENTE DE EDUCACIÓN SECUNDARIA;SI;SI;NO
160967;UNIVERSIDAD NACIONAL DE PIURA;ECONOMÍA Y ADMINISTRACIÓN;NO;NO;NO
160968;UNIVERSIDAD DE PIURA;INGENIERÍA INDUSTRIAL;SI;SI;SI
160968;UNIVERSIDAD NACIONAL DE PIURA;INGENIERÍA CIVIL;SI;SI;SI
160969;UNIVERSIDAD NACIONAL PEDRO RUIZ GALLO;DERECHO Y CIENCIAS POLÍTICAS;SI;SI;SI
161616;UNIVERSIDAD INCA GARCILAZO DE LA VEGA;DERECHO;SI;SI;SI
161619;UNIVERSIDAD NACIONAL DE PIURA;EDUCACION;SI;SI;NO
161620;UNIVERSIDAD NACIONAL DE PIURA;ECONOMIA;SI;SI;SI
159325;UNIVERSIDAD NACIONAL FEDERICO VILLARREAL;ODONTOLOGIA;SI;SI;SI
159326;UNIVERSIDAD DE PIURA;EDUCACIÓN;SI;SI;SI
159327;UNIVERSIDAD SAN MARTIN DE PORRES;CIENCIAS DE LA COMUNICACIÓN;SI;SI;SI
159329;UNIVERSIDAD CATOLICA LOS ANGELES DE CHIMBOTE;DERECHO Y CIENCIA POLÍTICA;SI;SI;SI
159330;UNIVERSIDAD INCA GARCILAZO DE LA VEGA;DERECHO Y CIENCIAS POLÍTICAS;SI;SI;SI
158087;UNIVERSIDAD DE PIURA;ADMINISTRACIÓN DE EMPRESAS;SI;SI;SI
158088;UNIVERSIDAD SAN MARTÍN DE PORRES;EDUCACIÓN ESPECIALIDAD DE HISTORIA Y GEOGRAFÍA;SI;SI;SI
158089;UNIVERSIDAD ALAS PERUANAS;DERECHO Y CIENCIAS POLÍTICAS;SI;SI;SI
158089;UNIVERSIDAD SAN PEDRO DE CHIMBOTE;EDUCACIÓN;SI;SI;SI
158090;UNIVERSIDAD NACIONAL DE PIURA;MEDICINA HUMANA;SI;SI;SI
158093;UNIVERSIDAD PRIVADA LOS ANGELES;ADMINISTRACIÓN;SI;SI;SI
159282;UNIVERSIDAD NACIONAL DE PIURA;ECONOMIA;SI;SI;SI
159283;UNIVERSIDAD INCA GARCILASO DE LA VEGA ASOCIACIÓN CIVIL;CIENCIAS DE LA COMUNICACIÓN HOTELERIA;SI;SI;NO
159285;UNIVERSIDAD PEDRO RUIZ GALLO;LICENCIADA EN EDUCACIÓN PRIMARIA;SI;SI;SI
159286;UNIVERSIDAD NACIONAL DE PIURA;CIENCIAS CONTABLES Y FINANCIERAS;SI;SI;NO
159286;UNIVERSIDAD LOS ÁNGELES DE CHIMBOTE;CIENCIAS CONTABLES Y FINANCIERAS;SI;NO;SI
159287;UNIVERSIDAD NACIONAL DE PIURA;DERECHO Y CIENCIAS POLÍTICAS;SI;NO;SI
159287;UNIVERSIDAD ALAS PERUANAS;DERECHO;SI;SI;
159288;UNIVERSIDAD ALAS PERUANAS;CIENCIAS DE LA COMUNICACIÓN;SI;SI;SI
159499;UNIVERSIDAD NACIONAL;SEGUNDA ESPECIALIDAD EN SPIQUIATRIA;SI;SI;NO
159499;UNIVERSIDAD NACIONAL DE PIURA;MEDICINA HUMANA;SI;SI;SI
159501;UNIVERSIDAD NACIONAL DE PIURA;FACULTAD DE ARQUITECTURA Y URBANISMO;SI;SI;SI
159502;UNIVERSIDAD NACIONAL DE PIURA;DERECHO Y CIENCIAS POLÍTICA;SI;SI;SI
159505;NACIONAL DE PIURA;DERECHO EN CIENCIAS POLITICAS;SI;SI;NO
158958;UNIVERSIDAD DE PIURA;ADMINISTRACION DE EMPRESAS;SI;SI;SI
158959;UNIVERSIDAD FEDERICO VILLAREAL;INGENIERIA INDUSTRIAL Y SISTEMAS;SI;SI;NO
158960;UNIVERSIDAD DE LIMA;DERECHO Y CIENCIAS POLITICAS;SI;SI;SI
161003;UNIVERSIDAD NACIONAL DE TRUJILLO;DERECHO;SI;SI;SI
161005;UNIVERSIDAD TECNICA PARTICULAS DE LOJA;CIENCIAS HUMANAS Y RELIGIOSAS;SI;NO;NO
161006;UNIVERSIDAD NACIONAL DE PIURA;INGENIERIA AGRONOMA;;SI;
161007;UNIVERSIDAD NACIONAL DE TRUJILLO;DERECHO;SI;SI;SI
160758;UNIVERSIDAD PARTICULAR ALAS PERUANAS;DERECHO Y CIENCIAS POLÍTICAS;SI;SI;SI
160759;UNIVERSIDAD CATOLICA LOS ANGELES DE CHIMBOTE;INGENIERIA CIVIL;SI;SI;SI
160763;UNIVERSIDAD NACIONAL DE PIURA;INGENIERÍA GEOLÓGICA;SI;SI;SI
160350;UNIVERSIDAD NACIONAL DEL ALTIPLANO;ARQUITECTURA Y URBANISMO;SI;SI;SI
160350;UNIVERSIDAD NACIONAL DEL ALTIPLANO;INGENIERIA CIVIL;SI;SI;SI
160351;UNIVERSIDAD NACIONAL DEL ALTIPLANO;INGENIERIA TOPOGRAFICA Y AGRIMENSURA;SI;SI;SI
160352;UNIVERSIDAD NACIONAL DE TRUJILLO;INGENIERO INDUSTRIAL;SI;SI;SI
160352;UNIVERSIDAD NACIONAL DEL ALTIPLANO;INGENIERO QUÍMICO;SI;SI;SI
157931;INCA GARCILAZO DE LA VEGA;DERECHO Y CIENCIAS POLÍTICAS;SI;SI;SI
157931;INCA GARCILAZO DE LA VEGA;DERECHO Y CIENCIAS POLÍTICAS;SI;SI;SI
157932;UNIVERSIDAD NACIONAL FEDERICO VILLAREAL;EDUCACIÓN;SI;SI;NO
157957;UNIVERSIDAD LOS ÁNGELES DE CHIMBOTE;EDUCACIÓN LENGUA LITERATURA Y COMUNICACIÓN;SI;SI;SI
157957;UNIVERSIDAD ANDINA NÉSTOR CÁCERES VELÁSQUEZ;CIRUJANO DENTISTA;SI;SI;SI
157934;ANDINA NÉSTOR CÁCERES VELÁSQUEZ;DERECHO;SI;SI;SI
157935;UNIVERSIDAD ANDINA NÉSTOR CÁCERES VELÁSQUEZ;DERECHO;SI;SI;SI
161078;UNIVERSIDAD NACIONAL DEL ALTIPLANO;SOCIOLOGÍA;SI;SI;SI
161079;UNIVERSIDAD MAYOR DE SAN ANDRES;ODONTOLOGÍA;SI;SI;SI
161080;UNIVERSIDAD ANDINA NÉSTOR CÁCERES VELÁSQUEZ;DERECHO;SI;SI;SI
161081;UNIVERSIDAD CATÓLICA SANTA MARÍA AREQUIPA;ENFERMERÍA;SI;SI;SI
160654;UNIVERSIDAD NACIONAL DEL ALTIPLANO PUNO;ESCUELA PROFESIONAL DE INGENIERIA AGROINDUSTRIAL;SI;SI;NO
160655;SAN ANTONIO ABAD DEL CUSCO;DERECHO Y CIENCIAS POLÍTICAS;SI;SI;SI
160657;UNIVERSIDAD ANDINA NESTOR CACERES VELASQUEZ;DERECHO;SI;SI;NO
161070;UNIVERSIDAD NACIONAL DEL ALTIPLANO;INGENIERA ECONÓMICA;SI;SI;SI
161070;UNIVERSIDAD JOSE CARLOS MARIATEGUI;DERECHO;NO;;
161071;UNIVERSIDAD NACIONAL DEL ALTIPLANO;TURISMO;SI;SI;SI
161072;UNIVERSIDAD NACIONAL DEL ANTIPLANO;CS FISICO E INFORMATICO;SI;NO;NO
161072;UNIVERSIDAD NACIONAL DEL ALTIPLANO;EDUCACIÓN;SI;SI;NO
159193;UNIVERSIDAD PRIVADA SAN CARLOS;CONTABILIDAD Y FINANZAS;SI;NO;
159194;UNIVERSIDAD NACIONAL SAN AGUSTÍN DE AREQUIPA;DERECHO;SI;SI;SI
159195;UNIVERSIDAD ANDINA NESTOR CACERES VELASQUEZ;ADMINISTRACION Y MARKETING;SI;SI;
160576;UANCV - JULIACA;DERECHO;SI;SI;SI
160576;UANCV - JULIACA;CIENCIAS DE LA EDUCACIÓN;SI;SI;NO
160577;ESCUELA DE PERIODISMO JAIME BAUSATE Y MEZA;PERIODISMO;SI;SI;SI
160577;UNIVERSIDAD NACIONAL DE JULIACA;INGENIERIA EN ENERGIAS RENOVABLES;SI;SI;NO
161989;UNIVERSIDAD NACIONAL DEL ALTIPLANO;EDUCACIÓN  PRIMARIA;SI;SI;SI
161990;UNIVERSIDAD NACIONAL DEL ALTIPLANO - PUNO;DERECHO;SI;SI;SI
161990;UNIVERSIDAD NACIONAL DEL ALTIPLANO - PUNO;CIENCIAS DE LA COMUNICACION SOCIAL;SI;SI;NO
161993;UNIVERSIDAD NACIONAL DEL ALTIPLANO;NUTRICIÓN HUMANA;SI;SI;NO
161882;UNIVERSIDAD NACIONAL DEL ALTIPLANO;INGENIERIA ELECTRONICA;SI;SI;NO
161883;UNIVERSIDAD NACIONAL DEL ALTIPLANO;DERECHO;SI;SI;SI
161883;UNIVERSIDAD NACIONAL DEL ALTIPLANO;CONTABILIDAD;SI;NO;NO
161884;UNIVERSIDAD ANDINA NESTOR CACERES VELASQUEZ;DERECHO;SI;SI;NO
161885;UNIVERSIDAD PRIVADA SAN CARLOS;INGENIERIA AMBIENTAL;SI;SI;NO
161886;UNIVERSIDAD ALAS PERUANAS;ADMINISTRACION Y NEGOCIOS INTERNACIONALES;NO;NO;NO
160332;UNIVERSIDAD ANDINA NESTOR CACERES VELASQUEZ;DERECHO;SI;SI;SI
160333;UNIVERSIDAD ANDINA NESTOR CACERES VELAQUEZ;DERECHO;SI;SI;SI
160334;UNIVERSIDAD NACIONAL DEL ALTIPLANO - UNA;INGENERIA MECANICA ELECTRICA;SI;SI;NO
160336;UNIVERSIDAD SAN ANTONIO ABAD DEL CUSCO;DERECHO;SI;SI;SI
160316;UNIVERSIDAD JOSÉ CARLOS MARIÁTEGUI;DERECHO;SI;SI;NO
160317;UNIVERSIDAD NACIONAL DE SAN AGUSTIN - AREQUIPA;MEDICO CIRUJANO;SI;SI;SI
160318;UNIVERSIDAD NACIONAL DEL ALTIPLANO;INGENIERIA CIVIL;SI;SI;SI
160319;UNIVERSIDAD NACIONAL DEL ALTIPLANO - PUNO;MEDICINA HUMANA;SI;SI;SI
160320;UNIVERSIDAD NACIONAL DEL ALTIPLANO - PUNO;ARQUITECTURA Y URBANISMO;SI;SI;NO
160320;UNIVERSIDAD NACIONAL DEL ALTIPLANO - PUNO;ARQUITECTURA Y URBANISMO;SI;SI;NO
159445;UNIVERSIDAD ANDINA NESTOR CACERES  VELASQUEZ;ADMINISTRACION Y MARKETING;SI;SI;NO
159446;UNIVERSIDAD NACIONAL DEL ALTIPLANO;ANTROPOLOGIA;SI;SI;SI
159448;ANDINA NESTOR CACERES VELASQUEZ;CONTABILIDAD;NO;NO;NO
160642;UNIVERSIDAD NACIONAL DEL ALTIPLANO;;SI;SI;SI
160643;UNIVERSIDAD NACIONAL DEL ALTIPLANO PUNO;DERECHO (ABOGADO);SI;SI;SI
160644;UNIVERSIDAD ANDINA NESTOR CACERES VELASQUEZ;CARRERA ACADÉMICA PROFESIONAL DE OBSTETRICIA;SI;SI;SI
160645;UNIVERSIDAD NACIONAL SAN ANTONIO ABAD DEL CUSCO;ANTROPOLOGÍA;SI;SI;SI
160646;UNIVERSIDAD NACIONAL DEL ALTIPLANO;CIENCIAS DE LA COMUNICACIÓN SOCIAL;SI;SI;SI
160289;UNIVERSIDAD ANDINA NESTOR CACERES VELASQUEZ;INGENIERIA MECANICA ELECTRICA;;SI;SI
158838;UNIVERSIDAD ANDINA NESTOR CACERES VELASQUEZ;DERECHO;SI;SI;SI
158838;UNIVERSIDAD PERUANA UNION;LINGUISTICA Y LITERATURA;NO;NO;NO
158840;UNIVERSIDAD NACIONAL DE JULIACA;GESTIÓN PUBLICA Y DESARROLLO SOCIAL;SI;SI;NO
158840;UNIVERSIDAD PRIVADA SAN CARLOS;DERECHO;NO;NO;NO
158841;UNIVERSIDAD ANDINA NESTOR CACERES VELASQUEZ;OBSTETRICIA;SI;SI;SI
158842;UNIVERSIDAD ANDINA NESTOR CACERES VELASQUEZ;EDUCACION SECUNDARIA ESPECIALIDAD BIOQUIMICA;SI;SI;SI
158842;UNIVERSIDAD SAN PEDRO;LICENCIADO EN EDUCACION ESPECIALIDAD EDUCACION PARA EL TRABAJO;SI;;SI
158428;UNIVERSIDAD NACIONAL DEL ALTIPLANO;SOCIOLOGIA;SI;SI;SI
158431;UNIVERSIDAD ANDINA DEL CUSCO;CIRUJANO DENTISTA;SI;SI;SI
158969;UNIVERSIDAD JOSE CARLOS MARIATEGUI MOQUEGUA;DERECHO;SI;SI;SI
158969;UNIVERSIDAD CATÓLICA LOS ÁNGELES DE CHIMBOTE;EDUCACIÓN PRIMARIA;SI;SI;SI
158971;UNIVERSIDAD NACIONAL SAN ANTONIO DE ABAD DEL CUSCO;INGENIERIA CIVIL;SI;SI;SI
158972;UNIVERSIDAD ANDINA NESTOR CACERES VELASQUEZ;DERECHO;NO;NO;NO
158973;UNIVERSIDAD ANDINA NESTOR CACERES VELASQUEZ;DERECHO;SI;SI;SI
159968;UNIVERSIDAD ALAS PERUANA;DERECHO CIENCIAS POLITICAS;SI;NO;NO
159969;UNIVERSIDAD NACIONAL DEL ALTIPLANO;AGRONOMIA;SI;SI;NO
159970;UNIVERSIDAD ANDINA NESTOR CACERES VELASQUEZ;INGENIERO DE SISTEMAS;SI;SI;SI
160210;UNIVERSIDAD NACIONAL DEL ALTIPLANO;INGENIERIA AGROINDUSTRIAL;SI;SI;NO
160212;UNIVERSIDAD NACIONAL DEL ALTIPLANO;INGENIERIA DE MINAS;SI;SI;NO
160212;UNIVERSIDAD NACIONAL DEL ALTIPLANO;INGENIERIA GEOLOGICA;SI;NO;NO
160213;UNIVERSIDAD ANDINA NESTOR CACERES VELAZQUEZ;ADMINISTRACION EN TURISMO Y HOTELERIA;NO;;
160156;UNIVERSIDAD NACIONAL DEL ALTIPLANO;ENFERMERÍA;SI;NO;NO
160157;UNIVERSIDAD ANDINA NÉSTOR CÁCERES VELÁSQUEZ;ADMINISTRACIÓN Y MARKETING;NO;NO;NO
160158;UNIVERSIDAD NACIONAL MAYOR DE SAN MARCOS;FARMACIA Y BIOQUÍMICA;SI;SI;SI
160159;UNIVERSIDAD NACIONAL DEL ALTIPLANO;ESCUELA PROFESIONAL DE CIENCIAS BIOLÓGICAS;SI;SI;SI
160159;UNIVERSIDAD PRIVADA DE TRUJILLO;DERECHO;NO;NO;NO
158886;UNIVERSIDAD ANDINA NESTOR CACERES VELASQUEZ;CIENCIAS CONTABLES;NO;NO;NO
158887;UNA PUNO;MEDICINA VETERINARIA Y ZOOTECNIA;SI;SI;SI
158888;UNIVERSIDAD PRIVADA SAN CARLOS;CONTABILIDAD Y FINANZAS;NO;;
158889;UNIVERSIDAD NESTOR CACERES VELASQUEZ;ADMINISTRACION Y MARKETING;SI;SI;NO
161149;UNIVERSIDAD NACIONAL FEDERICO VILLAREAL;ARQUITECTURA Y URBANISMO;NO;NO;NO
161150;SAN MARTIN DE PORRES;CIENCIAS DE LA COMUNICACION;SI;;SI
161151;UNIVERSIDAD NACIONAL  MAYOR DE SAN MARCOS;LICENCIADA EN EDUCACION INICIAL;SI;SI;SI
157937;UNIVERSIDAD CATOLICA SANTA MARIA;DERECHO;SI;SI;SI
157937;UNIVERSIDAD CATOLICA SANTA MARIA;CIENCIAS DE LA COMUNICACION SOCIAL;SI;NO;NO
157938;INCA GARCILASO DE LA VEGA;DERECHO Y CIENCIA POLITICA;NO;NO;NO
157939;UNIVERSIDAD SAN MARTIN DE PORRES;;SI;SI;SI
159354;UNIVERSIDAD NACIONAL HERMILIO VALDIZÁN;SOCIOLOGIA;NO;NO;NO
159355;UNIVERSIDAD PRIVADA ANTENOR ORREGO;DERECHO Y CIENCIAS POLITICAS;SI;SI;SI
161277;UNIVERSIDAD JAIME BAUZATE Y MEZA;PERIODISMO;SI;NO;NO
161280;UNIVERSIDAD ALAS PERUANAS;EDUCACION INICIAL;SI;NO;NO
158583;UNIVERSIDAD NACIONAL DE SAN MARTIN;CONTABILIDAD;SI;SI;
160584;UNIVERSIDAD  PARTICULAR DE CHICLAYO;DERECHO;SI;SI;SI
160585;SAN MARTIN DE PORRES;DERECHO;SI;SI;SI
160586;UNIVERSIDAD NACIONAL DE SAN MARTIN;INGENIERIA DE SISTEMAS E INFORMATICA;SI;NO;NO
158203;UNIVERSIDAD NACIONAL DE SAN MARTIN;OBSTETRA;SI;SI;SI
158204;UNIVERSIDAD NACIONAL PEDRO RUIZ GALLO;DERECHO;SI;SI;SI
158205;UNIVERSIDAD CESAR VALLEJO;DERECHO;SI;SI;SI
161797;UNIVERSIDAD CESAR VALLEJO;DERECHO Y CIENCIA POLITICA;SI;SI;SI
158050;CESAR VALLEJO;ADMINISTRACION DE EMPRESAS;NO;NO;NO
159463;UNIVERSIDAD DE SAN MARTÍN DE PORRES;MEDICINA HUMANA;SI;SI;SI
159464;UNIVERSIDAD NACIONAL DE SAN MARTIN;ADMINISTRACIÓN DE TURISMO;SI;SI;SI
158996;UNIVERSIDAD NACIONAL AGRARIA LA MOLINA;CIENCIAS ZOOTECNIA;SI;SI;NO
158997;UNIVERSIDAD NACIONAL DE TRUJILLO;EDUCACIÓN;SI;SI;
159148;INCA GARCILASO DE LA VEGA;CONTABILIDAD;SI;SI;NO
159149;UNIVERSIDAD CIENTÍFICA DEL PERÚ;INGENIERA CIVIL;NO;NO;NO
159340;UNIVERSIDAD NACIONAL DE TRUJILLO;DERECHO Y CIENCIAS POLÍTICAS;SI;SI;SI
159341;UNIVERSIDAD ALAS PERUANAS;DERECHO Y CIENCIAS POLÍTICAS;NO;NO;NO
158943;UNIVERSIDAD ALAS PERUANAS;DERECHO;SI;SI;SI
160764;UNIVERSIDAD NACIONAL DE SAN MARTIN;INGENIERIA DE SISTEMAS E INFORMATICA;NO;NO;NO
161558;UNIVERSIDAD NACIONAL DE SAN MARTIN;CONTABILIDAD;SI;SI;SI
158122;UNIVERSIDAD NACIONAL AGRARIA DE LA SELVA;INFORMÁTICA Y SISTEMAS;SI;SI;SI
160161;UNIVERSIDAD NACIONAL DE SAN MARTIN;INGENIERIA AGRONOMO;SI;SI;SI
160163;UNIVERSAIDAD CESAR VALLEJOS;DERECHO;NO;;
160164;UNIVERSIDAD NACIONAL AGRARIA DE LA SELVA;CONTADOR PUBLICO;SI;SI;SI
161370;UNIVERSIDAD PRIVADA DE TACNA;DERECHO;SI;SI;SI
161370;UNIVERSIDAD PRIVADA DE TACNA;INGENIERIA COMERCIAL;NO;;
161371;UNIVERSIDAD CATOLICA DE SANTA MARIA;CONTABILIDAD;SI;SI;SI
161371;UNIVERSIDAD NACIONAL DE SAN AGUSTIN;DERECHO;NO;NO;NO
161372;UNIVERSIDAD NACIONAL JORGE BASADRE GROHMAN;CIENCIAS DE LA EDUCACIÓN ESPECIALIDAD CIENCIAS SOCIALES;SI;SI;SI
157941;UNIVERSIDAD ALAS PERUANAS;DERECHOS Y CIENCIAS POLITICAS;SI;NO;NO
157942;UNIVERSIDAD PRIVADA DE TACNA;INGENIERIA CIVIL;SI;SI;SI
160236;UNIVERSIDAD PRIVADA DE TACNA;DERECHO;SI;SI;SI
160237;UNIVERSIDAD NACIONAL JORGE BASADRE GRHOMAN;CIENCIAS DE LA COMUNICACION;NO;;
160238;UNIVERSIDAD PRIVADA DE TACNA;DERECHO Y CIENCIAS POLITICAS;SI;SI;SI
159604;UNIVERSIDAD PRIVADA DE TACNA;DERECHO;SI;SI;NO
159604;UNIVERSIDAD ALAS PERUANAS;DERECHO;;;SI
159605;JOSE CARLOS MARIATEGUI;DERECHO;SI;SI;SI
159606;JOSE CARLOS MARIATEGUI;EDUCACION;SI;SI;NO
159606;JOSE CARLOS MARIATEGUI;CONTABILIDAD;SI;NO;NO
159811;UNIVERSIDAD NACIONAL JORGE BASADRE GROHMANN;DERECHO Y CIENCIAS POLÍTICAS;SI;SI;SI
159812;UNIVERSIDAD NACIONAL DEL ALTIPLANO;ENFERMERÍA;SI;SI;SI
159813;UNIVERSIDAD JOSÉ CARLOS MARIÁTEGUI;DERECHO Y CIENCIAS POLÍTICAS;SI;SI;SI
160588;JORGE BASADRE GROHMANN;INGENIERÍA EN INDUSTRIAS ALIMENTARIAS;SI;SI;NO
160590;UNIVERSIDAD INCA GARCILASO DE LA VEGA;ADMINISTRACIÓN DE EMPRESAS;NO;NO;NO
158621;UNIVERSIDAD NACIONAL JORGE BASADRE GROHMANN;CIENCIAS DE LA COMUNICACIÓN;SI;SI;NO
158622;ESCUELA SUPERIOR DE FORMACIÓN ARTÍSTICA PÚBLICA FRANCISCO LASO;EDUCACIÓN ARTÍSTICA;NO;NO;NO
158623;UNIVERSIDAD NACIONAL JORGE BASADRE GROHMANN;CIENCIAS CONTABLES Y FINANCIERAS;SI;SI;SI
161588;UNIVERSIDAD NACIONAL JORGE BASADRE GROHOMAN;CIENCIAS CONTABLES Y FINANCIERAS;SI;SI;NO
161589;UNIVERSIDAD PRIVADA CATÓLICA DE CHIMBOTE;DERECHO;SI;SI;NO
161590;UNIVERSIDAD CATÓLICA LOS ANGELES DE CHIMBOTE;DERECHO;SI;SI;NO
160303;UNIVERSIDAD PRIVADA DE TACNA;DERECHO Y CIENCIAS POLITICAS;SI;SI;SI
160304;UNIVERSIDAD PRIVADA DE TACNA;DERECHO Y CIENCIA POLITICA;SI;NO;NO
160305;UNIVERSIDAD CATÓLICA SANTA MARÍA DE AREQUIPA;DERECHO Y CIENCIAS POLÍTICAS;SI;SI;SI
161373;UNIVERSIDAD CATOLICA ANGELES DE CHIMBOTE;CIENCIAS CONTABLES Y FINANCIERAS;SI;SI;SI
161373;UNIVERSIDAD PRIVADA DE TACNA;CIENCIAS CONTABLES FINANCIERAS;NO;NO;NO
161374;UNIVERSIDAD PRIVADA DE TACNA;INGIENERIA COMERCIAL;SI;SI;SI
161375;UNIVERSIDAD NACIONAL JORGE BASADRE GROHMANN;INGIENERIA AGRONOMA;SI;NO;SI
160082;UNIVERSIDAD PRIVADA DE TACNA;DERECHO Y CIENCIAS POLITICAS;;SI;SI
160083;UNIVERSIDAD NACIONAL SAN AGUSTIN;ARQUITECTURA Y URBANISMO;SI;SI;NO
160083;UNIVERSIDAD CESAR VALLEJO;ARQUITECTURA;;;SI
159374;UNIVERSIDAD NACIONAL JORGE BASADRE GROHMANN;20147796634;SI;SI;SI
159375;UNIVERSIDAD NACIONAL JORGE BASADRE GROHMANN;INGENIERIA DE MINAS;SI;SI;SI
159376;UNIVERSIDAD JOSE CARLOS MARIATEGUI;DERECHO;NO;NO;NO
159435;UNIVERSIDAD PARTICULAR RICARDO PALMA;ARQUITECTURA;SI;SI;SI
159436;UNIVERSIDAD PRIVADA DE TACNA;DERECHO Y CIENCIAS POLITICAS;SI;SI;SI
159437;UNIVERSIDAD PRIVADA DE TACNA;DERECHO Y CIENCIAS POLÍTICAS;SI;SI;SI
159750;UNIVERSIDAD ALAS PERUANAS;DERECHO;SI;SI;SI
159750;UNIVERSIDAD NACIONAL DE SAN AGUSTIN DE AREQUIPA;BIOLOGIA;NO;;
159751;UNIVERSIDAD NACIONAL JORGE BASADRE GROHMANN;INGENIERIA METALURGICA;NO;;
159752;UNIVERSIDAD PRIVADA DE TACNA;INGENIERIA COMERCIAL;SI;NO;NO
158126;JOSE CARLOS MARIATEGUI;DERECHO;SI;SI;NO
158127;UNIVERSIDAD PRIVADA DE TACNA;DERECHO Y CIENCIAS POLITICAS;SI;SI;SI
161747;UNIVERSIDAD NACIONAL JORGE BASADRE GROHMANN;CONTABILIDAD;SI;SI;SI
161747;UNIVERSIDAD NACIONAL JORGE BASADRE GROHMANN;DERECHO;NO;NO;NO
161748;ESCUELA SUPERIOR DE FORMACIÓN ARTÍSTICA EDUARDO MEZA SARAVIA;ARTES PLÁSTICAS;SI;NO;
159879;UNIVERSIDAD NACIONAL DEL ALTIPLANO;CIENCIAS ESTADISTICAS E INFORMATICA;SI;SI;SI
159879;TELESUP;DERECHO CORPORATIVO;NO;;
159880;UNIVERSIDAD DE TARAPACA;INGENIERIA COMERCIAL;SI;NO;SI
159475;UNIVERSIDAD CATOLICA LOS ANGELES DE CHIMBOTE;DERECHO Y CIENCIA POLITICA;SI;SI;NO
159476;UNIVERSIDAD PRIVADA DE TACNA;CIENCIAS JURIDICAS Y POLITICAS;SI;SI;SI
159477;JOSE CARLOS MARIATEGUI;DERECHO;NO;NO;NO
159876;UNIVERSIDAD PARTICULAR TACNA;DERECHO Y CIENCIAS POLÍTICAS;SI;SI;SI
159877;UNIVERSIDAD PRIVADA DE TACNA - TITULADO EN LA UNIVERSIDAD DE APURIMAC HOY UNIVERSIDAD TECNOLÓGICA DE LOS ANDES;DERECHO;SI;SI;SI
160639;UNIVERSIDAD NACIONAL DE TUMBES;AGRONOMIA;NO;NO;NO
160641;UNIVERSIDAD NACIONAL DE TUMBES;DERECHO Y CIENCIA POLITICA;SI;;SI
157943;UNIVERSIDAD NACIONAL AGRARIA LA MOLINA;INGENIERÍA AGRÍCOLA;SI;SI;SI
157944;UNIVERSIDAD CESAR VALLEJO;PSICOLOGIA;SI;SI;
157945;UNIVERSIDAD NACIONAL DE TUMBES;CONTABILIDAD;SI;SI;NO
159867;UNIVERSIDAD NACIONAL DEL CALLAO;INGENIERÍA DE ALIMENTOS;SI;SI;SI
159869;UNIVERSIDAD SAN MARTÍN DE PORRAS;ADMINISTRACIÓN DE EMPRESAS;NO;NO;NO
160926;UNIVERSIDAD LOS  ÁNGELES  DE  CHIMB;DERECHO Y CIENCIAS POLITICAS;NO;NO;NO
160927;UNIVERSIDAD CESAR VALLEJO;DERECHO;SI;SI;SI
160928;UNIVERSIDAD ALAS PERUANAS;INGENIERIA CIVIL;NO;NO;NO
161805;JAIME BAUSATE Y MEZA;PERIODISMO;SI;SI;SI
161806;UNIVERSIDAD SAN MARTIN DE PORRES;ECONOMIA;SI;SI;
161807;UNIVERSIDAD SAN MARTIN DE PORRES;DERECHO  Y CIENCIAS POLITICAS;SI;SI;SI
158590;UNIVERSIDAD NACIONAL DE TUMBES;INGENIERÍA PESQUERA;SI;SI;SI
160591;LOS ANGELES DE CHIMBOTE;CIENCIAS DE LA COMUNICACION;SI;SI;NO
160593;UNIVERSIDAD NACIONAL DANIEL ALCÍDES CARRIÓN;INGENIERIA DE METALURGIA;SI;SI;SI
159442;UNIVERSIDAD NACIONAL MAYOR DE SAN MARCOS;MEDICINA HUMANA;SI;SI;SI
161358;UNIVERSIDAD  NACIONAL DE TUMBES;AGRONOMIA;NO;;NO
161359;UNIVERSIDAD PRIVADA ANTENOR ORREGO TRUJILLO;MEDICINA HUMANA;SI;SI;SI
158711;UNIVERSIDAD NACIONAL DE TUMBES;DERECHO;SI;SI;SI
158711;SAN PEDRO;LICENCIADO EN EDUCACION;SI;SI;SI
160112;UNIVERSIDAD PRIVADA ANTENOR ORREGO;INGENIERÍA DE COMPUTACIÓN Y SISTEMAS;SI;SI;SI
160113;UNIVERSIDAD NACIONAL DE TUMBES;CIENCIAS ECONOMICAS - CONTABILIDAD;SI;SI;SI
160113;UNIVERSIDAD NACIONAL DE PIURA;CIENCIAS SOCIALES Y EDUCACION;SI;SI;NO
159450;UNIVERSIDAD NACIONAL DE PIURA;INGENIERO AGRONOMO;SI;SI;SI
160073;UNIVERSIDAD CATOLICA LOS ANGELES DE CHIMBOTE FILIAL TUMBES;DERECHO;NO;NO;NO
159156;UNIVERSDAD PARTICULAR SAN MARTÍN DE PORRES;DERECHO Y CIENCIAS POLÍTICAS;SI;SI;SI
159158;UNIVERSIDAD NACIONAL "FEDERICO VILLARREAL";EDUCACIÓN;SI;SI;SI
159158;UNIVERSIDAD NACIONAL "FEDERICO VILLARREAL";EDUCACIÓN;SI;SI;SI
159158;UNIVERSIDAD NACIONAL "FEDERICO VILLARREAL";EDUCACIÓN;SI;SI;SI
159701;UNIVERSIDAD PRIVADA ANTENOR ORREGO (UPAO);ARQUITECTURA;SI;SI;SI
159702;UNIVERSIDAD NACIONAL DE PIURA;CIENCIAS SOCIALES Y EDUCACION;SI;SI;NO
159510;UNIVERSIDAD ALAS PERUANAS;GESTION EMPRESARIAL;SI;NO;NO
159510;UNIVERSIDAD ALAS PERUANAS;GESTION EMPRESARIAL;SI;NO;NO
158848;UNIVERSIDAD NACIONAL DE TRUJILLO;ADMINISTRACION;SI;SI;SI
161613;UNIVERSIDAD NACIONAL DE TUMBES;INGENERIA AGRARIA;SI;SI;SI
161185;PONTIFICIA UNIVERSIDAD CATÓLICA DEL PERÚ ( PUCP);DERECHO;NO;NO;NO
161187;CESAR VALLEJO;DERECHO;NO;;
161188;UNIVERSIDAD JOSÉ FAUSTINO SANCHEZ CARRION;EDUCACIÓN SECUNDARIA;SI;SI;
157866;UNIVERSIDAD NACIONAL FEDERICO VILLAREAL;CONTABILIDAD;SI;SI;SI
157867;INCA GARCILASO DE LA VEGA;LICENCIADO EN TRABAJO SOCIAL;SI;SI;SI
157868;UNIVERSIDAD DE SAN MARTÍN DE PORRES;DERECHO Y CIENCIAS POLÍTICAS;SI;SI;SI
157869;UNIVERSIDAD INCA GARCILASO DE LA VEGA;DERECHO Y CIENCIAS POLÍTICAS;NO;NO;NO
161506;UNIVERSIDAD CONTINENTAL;INGENIERIA EMPRESARIAL;NO;NO;NO
161506;UNIVERSIDAD INCA GARCILAZO DE LA VEGA;INGENIERIA ADMINISTRATIVA;NO;NO;NO
161507;UNIVERSIDAD NACIONAL DEL CALLAO;CONTABILIDAD;SI;SI;NO
161507;UNIVERSIDAD NACIONAL DEL CALLAO;ADMINISTRACION DE EMPRESAS;SI;NO;
160416;UNIVERSIDAD PERUANA DE CIENCIAS APLICADAS;ADMINISTRACION Y MARKETING;NO;NO;NO
158856;UNIVERSIDAD NACIONAL DEL CALLAO;INGENIERIA INDUSTRIAL;SI;SI;SI
158857;UNIVERSIDAD TECNOLOGICA DEL PERU;ADMINISTRACIÓN DE EMPRESAS;SI;SI;NO
158466;UNIVERSIDAD CESAR VALLEJO;EDUCACION INICIAL;SI;SI;SI
160474;UNIVERSIDAD PRIVADA TELESUP;ADMINISTRACION FINANZAS Y NEGOCIOS GLOBALES;NO;NO;NO
160476;UNIVERSIDAD MAYOR DE SAN MARCOS;DERECHO;SI;SI;SI
160477;UNIVERSIDAD NACIONAL FEDERICO VILLARREAL;EDUCACION SECUNDARIA;SI;SI;SI
158206;UNIVERSIDAD SEÑOR DE SIPAN;;SI;SI;NO
158207;UNIVERSIDAD ALAS PERUANAS;ODONTOLOGIA;SI;SI;SI
158208;UNIVERSIDAD MAYOR DE SAN  MARCOS;CIENCIAS BIOLOGICAS;SI;SI;SI
161705;PONTIFICIA UNIVERSIDAD CATÓLICA DEL PERÚ;;SI;SI;SI
161708;UNIVERSIDAD PRIVADA LOS ANDES;CONTABILIDAD FINANCIERA;NO;NO;NO
161708;INCA GARCILASO DE LA VEGA;DERECHO Y CIENCIAS POLITICAS;NO;NO;NO
158935;UNIVERSIDAD SAN MARTIN DE PORRES;DERECHO;SI;SI;SI
158935;UNIVERSIDAD RICARDO PALMA;CONTABILIDAD;SI;SI;SI
158936;UNIVERSIDAD DEL NORTE SANTO TOMAS DE AQUINO;CIENCIAS POLITICAS;SI;NO;NO
158937;UNIVERSIDAD PERUANA DE CIENCIAS APLICADAS;ADMINISTRACION Y NEGOCIOS INTERNACIONALES;SI;SI;NO
158938;UNIVERSIDAD PRIVADA TELESUP;ADMINISTRACION DE NEGOCIOS;SI;SI;NO
159789;UNIVERSIDAD NACIONAL AGRARIA LA MOLINA;PESQUERÍA;SI;SI;NO
159790;INCA GARCILASO DE LA VEGA;CIENCIAS DE LA COMUNICACIÓN;SI;NO;NO
159791;NACIONAL MAYOR DE SAN MARCOS;FARMACIA Y BIOQUÍMICA;SI;SI;SI
159791;PERUANA DE CIENCIAS APLICADAS;INGENIERÍA INDUSTRIAL;SI;SI;SI
158919;INCA GARCILAZO DE LA VEGA;CONTABILIDAD Y CIENCIAS COORPORATIVAS;SI;SI;NO
161030;UNIVERSIDAD NACIONAL MAYOR DE SAN MARCOS;MEDICINA HUMANA;SI;SI;SI
161031;UNIVERSIDAD DE LOS ANDES;TECNOLOGÍA MEDICO OPTOMETRIA;SI;;
159211;UNIVERSIDAD NACIONAL DE INGENIERIA;INGENIERIA SANITARIA;SI;SI;SI
159212;UNIVERSIDAD NACIONAL MAYOR DE SAN MARCOS;DERECHO;SI;SI;SI
159212;UNIVERSIDAD NACIONAL MAYOR DE SAN MARCOS;CIENCIA POLITICA;NO;NO;NO
159213;UNIVERSIDAD PARTICULAR DE SAN MARTIN DE PORRES;DERECHO;SI;SI;SI
159214;PONTIFICIA UNIVERSIDAD CATOLICA DEL PERU;GESTION Y ALTA DIRECCION;NO;NO;
158965;CATOLICA LOS ANGELES DE CHIMBOTE;ADMINISTRACION;SI;SI;SI
158966;INCA GARCILAZO DE LA VEGA;INGENIERÍA ADMINISTRATIVA;NO;NO;NO
158967;UNIVERSIDAD DE SAN MARTIN DE PORRES;EDUCACION INICIAL;SI;SI;NO
158911;ESCUELA SUPERIOR DE MEDICINA;MEDICINA;SI;SI;SI
158912;UNIVERSIDAD SAN MARTIN DE PORRES;CONTABILIAD;SI;NO;NO
158914;UNIVERSIDAD CESAR VALLEJO;INGENIERIA DE SISTEMAS;SI;SI;SI
161597;JOSE FAUSTINO SANCHEZ CARRION;INGENIERIA PESQUERA;NO;NO;NO
161597;UPSMP;EDUCACION;SI;SI;NO
161597;UNIVERSIDAD DE SAN MARTÍN DE PORRES;EDUCACIÓN;SI;SI;SI
157958;UNIVERSIDAD CATOLICA LOS ANGELES DE CHIMBOTE;DERECHO;SI;SI;SI
157959;UNIVERSIDAD NACIONAL DE EDUCACION;LENGUA ESPAÑOLA Y LITERATURA;SI;SI;SI
158527;UNIVERSIDAD PARTICULAR SAN MARTÍN DE PORRES;DERECHO Y CIENCIAS POLITICAS;SI;SI;SI
158528;UNIVERSIDAD INCA GARCILAZO DE LA VEGA;DERECHO Y CIENCIAS POLÍTICAS;SI;SI;SI
158529;UNIVERSIDAD NACIONAL FEDERICO VILLARREAL;CIENCIAS DE LA COMUNICACION;SI;NO;NO
158132;UNIVERSIDAD DE SAN MARTIN DE PORRES;DERECHO Y CIENCIAS POLITICAS;SI;NO;NO
158133;UNIVERSIDAD NACIONAL FEDERICO VILLAREAL;PROFESIONAL DE TRABAJO SOCIAL;NO;NO;NO
158134;UNIVERSIDAD SAN MARTIN DE PORRES;CIENCIAS DE LA COMUNICACION;SI;SI;SI
161655;UNIVERSIDAD DEL PACÍFICO;ADMINISTRACIÓN;SI;SI;NO
161656;UNIVERSIDAD NACIONAL DE EDUCACION ENRIQUE GUZMAN Y VALLE;EDUCACION ESPECIALIDAD DE LENGUA Y LITERATURA;SI;SI;SI
158835;UNIVERSIDAD PRIVADA DE TACNA;DERECHO;SI;SI;SI
158837;UNIVERSIDAD ALAS PERUANAS;TURISMO HOTELERÍA Y GASTRONOMÍA;SI;SI;NO
161267;UNIVERSIDAD NACIONAL DE UCAYALI;AGRONOMIA;SI;SI;NO
161268;UNIVERSIDAD PRIVADA PUCALLPA;DERECHO Y CIENCIAS POLITICAS;NO;NO;NO
158819;UNIVERSIDAD NACIONAL AGRARIA DE LA SELVA DE TINGO MARIA;INGENIERÍA EN INDUSTRIAS ALIMENTARIAS;SI;SI;SI
159095;UNIVERSIDAD DE HUANUCO;DERECHO Y CIENCIAS POLITICAS;SI;SI;SI
159096;UNIVERSIDAD NACIONAL SAN LUIS GONZAGA;EDUCACION Y CIENCIAS;SI;SI;SI
159084;UNIVERSIDAD ALAS PERUANAS;DERECHO Y CIENCIAS POLITICAS;NO;NO;NO
160595;UNIVERSIDAD NACIONAL MAYOR DE SAN MARCOS;MEDICINA HUMANA;SI;SI;SI
160581;INSTITUTO DE MEDICINA DE TIMISOARA - RUMANIA;DOCTORA EN LE ESPECIALIDAD DE MEDICINA GENERAL;SI;NO;SI
160955;UNIVERSIDAD PRIVADA DE PUCALLPA;INGIENERIA DE SISTEMAS;SI;SI;SI
158540;UNIVERSIDAD ALAS PERUANAS;DERECHO Y CIENCIAS POLÍTICAS;NO;NO;NO
158541;UNIVERSIDAD ALAS PERUANAS;DERECHO Y CIENCIAS POLÍTICAS;SI;SI;SI
159309;UNIVERSIDAD NACIONAL DE UCAYALI;DERECHO Y CIENCIAS POLÍTICAS;SI;SI;SI
159310;UNIVERSIDAD NACIONAL AGRARIA DE LA SELVA UNAS;INGENIERÍA EN RECURSOS NATURALES RENOVABLES;SI;SI;SI
159311;UNIVERSIDAD NACIONAL DE UCAYALI;CIENCIAS AGROPECUARIAS - AGRONOMIA;SI;SI;NO
158939;INCA GARCILAZO DE LA VEGA;DERECHO Y CIENCIAS POLÍTICAS;SI;SI;NO
159342;UNIVERSIDAD NACIONAL DE UCAYALI;DERECHO Y CIENCIAS POLITICAS;SI;SI;SI
159344;UNIVERSIDAD INCA GARCILAZO DE LA VEGA;DERECHO Y CIENCIAS POLÍTICAS;NO;;
161166;UNIVERSIDAD SAN MARTIN DE PORRES;DERECHO Y CIENCIAS POLITICAS;SI;SI;SI
161167;UNIVERSIDAD ALAS PERUANAS;DERECHO Y CIENCIAS POLITICAS;SI;SI;NO
160701;UNIVERESIDAD PRIVADA DE PUCALLPA;DERECHO Y CIENCIAS POLITICAS;NO;NO;NO
160702;UNIVERSIDAD SAN MARTIN DE PORRES;ADMINISTRACIÓN DE EMPRESAS;NO;NO;NO
159873;UNIVERSIDAD NACIONAL DE UCAYALI;ADMINISTRACIÓN Y CONTABILIDAD;NO;;
159875;UNIVERSIDAD NACIONAL DE UCAYALI;EDUCACION SECUNDARIA;SI;SI;NO
160280;UNIVERSIDAD FEMENINA DEL SAGRADO CORAZÓN;DERECHO;SI;SI;SI
160281;UNIVERSIDAD PERUANA LOS ANDES;DERECHO Y CIENCIAS POLÍTICAS;NO;NO;NO
